"code","parent_code","chapter_title","chapter_range","sort_order","scope","name_ko_official","includes_official","excludes_official","notes_official","referenced_codes","line_start","line_end","raw_block"
"K00","","구강, 침샘 및 턱의 질환","K00-K14","0","primary-k00-k14","치아의 발육 및 맹출장애","","매몰치 및 매복치(K01.-)","","K01","126","127","K00	치아의 발육 및 맹출장애 || 제외 : 매몰치 및 매복치(K01.-)"
"K00.0","K00","구강, 침샘 및 턱의 질환","K00-K14","1","primary-k00-k14","무치증","","","","","128","128","K00.0	무치증"
"K00.00","K00.0","구강, 침샘 및 턱의 질환","K00-K14","2","primary-k00-k14","부분무치증[저치증][회치증]","","","","","129","129","K00.00	부분무치증[저치증][회치증]"
"K00.01","K00.0","구강, 침샘 및 턱의 질환","K00-K14","3","primary-k00-k14","완전무치증","","","","","130","130","K00.01	완전무치증"
"K00.09","K00.0","구강, 침샘 및 턱의 질환","K00-K14","4","primary-k00-k14","상세불명의 무치증","","","","","131","131","K00.09	상세불명의 무치증"
"K00.1","K00","구강, 침샘 및 턱의 질환","K00-K14","5","primary-k00-k14","과잉치","추가치","매복 과잉치(K01.18)","","K01.18","132","134","K00.1	과잉치 || 포함 : 추가치 || 제외 : 매복 과잉치(K01.18)"
"K00.10","K00.1","구강, 침샘 및 턱의 질환","K00-K14","6","primary-k00-k14","절치 및 견치 부위","","","정중과잉치","","135","136","K00.10	절치 및 견치 부위 || 정중과잉치"
"K00.11","K00.1","구강, 침샘 및 턱의 질환","K00-K14","7","primary-k00-k14","소구치 부위","","","","","137","137","K00.11	소구치 부위"
"K00.12","K00.1","구강, 침샘 및 턱의 질환","K00-K14","8","primary-k00-k14","대구치 부위","","","구후치 | 제4대구치 | 구방치","","138","141","K00.12	대구치 부위 || 구후치 || 제4대구치 || 구방치"
"K00.19","K00.1","구강, 침샘 및 턱의 질환","K00-K14","9","primary-k00-k14","상세불명의 과잉치","","","","","142","142","K00.19	상세불명의 과잉치"
"K00.2","K00","구강, 침샘 및 턱의 질환","K00-K14","10","primary-k00-k14","치아의 크기와 형태의 이상","","","","","143","143","K00.2	치아의 크기와 형태의 이상"
"K00.20","K00.2","구강, 침샘 및 턱의 질환","K00-K14","11","primary-k00-k14","거대치","","","","","144","144","K00.20	거대치"
"K00.21","K00.2","구강, 침샘 및 턱의 질환","K00-K14","12","primary-k00-k14","왜소치","","","","","145","145","K00.21	왜소치"
"K00.22","K00.2","구강, 침샘 및 턱의 질환","K00-K14","13","primary-k00-k14","유작","","","","","146","146","K00.22	유작"
"K00.23","K00.2","구강, 침샘 및 턱의 질환","K00-K14","14","primary-k00-k14","유합 및 쌍생","","","분열치 | 유합치","","147","149","K00.23	유합 및 쌍생 || 분열치 || 유합치"
"K00.24","K00.2","구강, 침샘 및 턱의 질환","K00-K14","15","primary-k00-k14","치외치[교합면 이상결절]","","정상변형이라 간주되는 카라벨리결절은 코드를 부여하면 안된다","","","150","151","K00.24	치외치[교합면 이상결절] || 제외 : 정상변형이라 간주되는 카라벨리결절은 코드를 부여하면 안된다"
"K00.25","K00.2","구강, 침샘 및 턱의 질환","K00-K14","16","primary-k00-k14","치내치[확장된 치아종] 및 절치 이상","","","구개구 | 정형(원주)치 | 삽형치 | T자형치","","152","156","K00.25	치내치[확장된 치아종] 및 절치 이상 || 구개구 || 정형(원주)치 || 삽형치 || T자형치"
"K00.26","K00.2","구강, 침샘 및 턱의 질환","K00-K14","17","primary-k00-k14","소구치화","","","","","157","157","K00.26	소구치화"
"K00.27","K00.2","구강, 침샘 및 턱의 질환","K00-K14","18","primary-k00-k14","비정상결절 및 법랑질진주","","치외치 [교합면 이상 결절](K00.24)카라벨리 결절, 정상의 변형이라 간주되며 분류해서는 안된다.","","K00.24","158","159","K00.27	비정상결절 및 법랑질진주 || 제외 : 치외치 [교합면 이상 결절](K00.24)카라벨리 결절, 정상의 변형이라 간주되며 분류해서는 안된다."
"K00.28","K00.2","구강, 침샘 및 턱의 질환","K00-K14","19","primary-k00-k14","우상치","","","","","160","160","K00.28	우상치"
"K00.29","K00.2","구강, 침샘 및 턱의 질환","K00-K14","20","primary-k00-k14","기타 및 상세불명의 치아의 크기와 형태의 이상","","","","","161","161","K00.29	기타 및 상세불명의 치아의 크기와 형태의 이상"
"K00.3","K00","구강, 침샘 및 턱의 질환","K00-K14","21","primary-k00-k14","반상치","","","제외: 치아의 침착물[유착물](K03.6)터너치(K00.46)","K03.6 | K00.46","162","163","K00.3	반상치 || 제외: 치아의 침착물[유착물](K03.6)터너치(K00.46)"
"K00.30","K00.3","구강, 침샘 및 턱의 질환","K00-K14","22","primary-k00-k14","지방병성(불소)법랑질의 반점[치아의 불소침착증]","","","","","164","164","K00.30	지방병성(불소)법랑질의 반점[치아의 불소침착증]"
"K00.31","K00.3","구강, 침샘 및 턱의 질환","K00-K14","23","primary-k00-k14","비지방성의 법랑질의 반점[비불소법랑질불투명]","","","","","165","165","K00.31	비지방성의 법랑질의 반점[비불소법랑질불투명]"
"K00.39","K00.3","구강, 침샘 및 턱의 질환","K00-K14","24","primary-k00-k14","상세불명의 반상치","","","","","166","166","K00.39	상세불명의 반상치"
"K00.4","K00","구강, 침샘 및 턱의 질환","K00-K14","25","primary-k00-k14","치아형성의 장애","","치아구조의 유전적 장애(K00.5-)선천 매독에서의 허친슨치아 및 오디모양 구치(A50.5)반상치(K00.3-)","","K00.5 | K00.3","167","168","K00.4	치아형성의 장애 || 제외 : 치아구조의 유전적 장애(K00.5-)선천 매독에서의 허친슨치아 및 오디모양 구치(A50.5)반상치(K00.3-)"
"K00.40","K00.4","구강, 침샘 및 턱의 질환","K00-K14","26","primary-k00-k14","법랑질형성저하","","","","","169","169","K00.40	법랑질형성저하"
"K00.41","K00.4","구강, 침샘 및 턱의 질환","K00-K14","27","primary-k00-k14","출생전 법랑질형성저하","","","","","170","170","K00.41	출생전 법랑질형성저하"
"K00.42","K00.4","구강, 침샘 및 턱의 질환","K00-K14","28","primary-k00-k14","신생아 법랑질형성저하","","","","","171","171","K00.42	신생아 법랑질형성저하"
"K00.43","K00.4","구강, 침샘 및 턱의 질환","K00-K14","29","primary-k00-k14","시멘트질의 무형성 형성저하","","","","","172","172","K00.43	시멘트질의 무형성 형성저하"
"K00.44","K00.4","구강, 침샘 및 턱의 질환","K00-K14","30","primary-k00-k14","만곡치","","","","","173","173","K00.44	만곡치"
"K00.45","K00.4","구강, 침샘 및 턱의 질환","K00-K14","31","primary-k00-k14","치아형성이상[국한성 치아형성이상]","","","","","174","174","K00.45	치아형성이상[국한성 치아형성이상]"
"K00.46","K00.4","구강, 침샘 및 턱의 질환","K00-K14","32","primary-k00-k14","터너치아","","","","","175","175","K00.46	터너치아"
"K00.48","K00.4","구강, 침샘 및 턱의 질환","K00-K14","33","primary-k00-k14","기타 명시된 치아형성의 장애","","","","","176","176","K00.48	기타 명시된 치아형성의 장애"
"K00.49","K00.4","구강, 침샘 및 턱의 질환","K00-K14","34","primary-k00-k14","상세불명의 치아형성 장애","","","","","177","177","K00.49	상세불명의 치아형성 장애"
"K00.5","K00","구강, 침샘 및 턱의 질환","K00-K14","35","primary-k00-k14","달리 분류되지 않은 치아구조의 유전성 장애","","","","","178","178","K00.5	달리 분류되지 않은 치아구조의 유전성 장애"
"K00.50","K00.5","구강, 침샘 및 턱의 질환","K00-K14","36","primary-k00-k14","불완전 법랑질형성증","","","","","179","179","K00.50	불완전 법랑질형성증"
"K00.51","K00.5","구강, 침샘 및 턱의 질환","K00-K14","37","primary-k00-k14","불완전 상아질형성증","","불완전 골형성증(Q78.0)치아형성이상(K00.58)각상치아(K00.58)","","K00.58","180","181","K00.51	불완전 상아질형성증 || 제외 : 불완전 골형성증(Q78.0)치아형성이상(K00.58)각상치아(K00.58)"
"K00.52","K00.5","구강, 침샘 및 턱의 질환","K00-K14","38","primary-k00-k14","불완전 치아형성증","","","","","182","182","K00.52	불완전 치아형성증"
"K00.58","K00.5","구강, 침샘 및 턱의 질환","K00-K14","39","primary-k00-k14","기타 치아구조의 유전성 장애치아형성이상각상치아","","","","","183","183","K00.58	기타 치아구조의 유전성 장애치아형성이상각상치아"
"K00.59","K00.5","구강, 침샘 및 턱의 질환","K00-K14","40","primary-k00-k14","상세불명의 치아구조의 유전성 장애","","","","","184","184","K00.59	상세불명의 치아구조의 유전성 장애"
"K00.6","K00","구강, 침샘 및 턱의 질환","K00-K14","41","primary-k00-k14","치아맹출의 장애","","","","","185","185","K00.6	치아맹출의 장애"
"K00.60","K00.6","구강, 침샘 및 턱의 질환","K00-K14","42","primary-k00-k14","선천치","","","","","186","186","K00.60	선천치"
"K00.61","K00.6","구강, 침샘 및 턱의 질환","K00-K14","43","primary-k00-k14","신생치","","","","","187","187","K00.61	신생치"
"K00.62","K00.6","구강, 침샘 및 턱의 질환","K00-K14","44","primary-k00-k14","치아의 조기맹출","","","","","188","188","K00.62	치아의 조기맹출"
"K00.63","K00.6","구강, 침샘 및 턱의 질환","K00-K14","45","primary-k00-k14","잔존[지속성] 유치[젖니]","","","","","189","189","K00.63	잔존[지속성] 유치[젖니]"
"K00.64","K00.6","구강, 침샘 및 턱의 질환","K00-K14","46","primary-k00-k14","만기 생치","","","","","190","190","K00.64	만기 생치"
"K00.65","K00.6","구강, 침샘 및 턱의 질환","K00-K14","47","primary-k00-k14","유치[젖니]의 조기탈락","","치아탈락(주위 조직의 질병에 기인한) (K08.0)","","K08.0","191","192","K00.65	유치[젖니]의 조기탈락 || 제외 : 치아탈락(주위 조직의 질병에 기인한) (K08.0)"
"K00.68","K00.6","구강, 침샘 및 턱의 질환","K00-K14","48","primary-k00-k14","기타 명시된 치아맹출의 장애","","","","","193","193","K00.68	기타 명시된 치아맹출의 장애"
"K00.69","K00.6","구강, 침샘 및 턱의 질환","K00-K14","49","primary-k00-k14","상세불명의 치아맹출의 장애","","","","","194","194","K00.69	상세불명의 치아맹출의 장애"
"K00.7","K00","구강, 침샘 및 턱의 질환","K00-K14","50","primary-k00-k14","생치증후군","","","","","195","195","K00.7	생치증후군"
"K00.8","K00","구강, 침샘 및 턱의 질환","K00-K14","51","primary-k00-k14","기타 치아발육의 장애","차이의 내인성 착색 NOS","국소 원인에 의한 변색(K03.6, K03.7)","","K03.6 | K03.7","196","198","K00.8	기타 치아발육의 장애 || 포함 : 차이의 내인성 착색 NOS || 제외 : 국소 원인에 의한 변색(K03.6, K03.7)"
"K00.80","K00.8","구강, 침샘 및 턱의 질환","K00-K14","52","primary-k00-k14","혈액형부적합에 의한 치아형성 중 색조변화","","","","","199","199","K00.80	혈액형부적합에 의한 치아형성 중 색조변화"
"K00.81","K00.8","구강, 침샘 및 턱의 질환","K00-K14","53","primary-k00-k14","담도계이상으로 인한 치아형성 중 색조변화","","","","","200","200","K00.81	담도계이상으로 인한 치아형성 중 색조변화"
"K00.82","K00.8","구강, 침샘 및 턱의 질환","K00-K14","54","primary-k00-k14","포르피린증에 의한 치아형성 중 색조변화","","","","","201","201","K00.82	포르피린증에 의한 치아형성 중 색조변화"
"K00.83","K00.8","구강, 침샘 및 턱의 질환","K00-K14","55","primary-k00-k14","테트라시이클린에 의한 치아형성 중 색조변화","","","","","202","202","K00.83	테트라시이클린에 의한 치아형성 중 색조변화"
"K00.88","K00.8","구강, 침샘 및 턱의 질환","K00-K14","56","primary-k00-k14","기타 명시된 치아발육의 장애","","","","","203","203","K00.88	기타 명시된 치아발육의 장애"
"K00.9","K00","구강, 침샘 및 턱의 질환","K00-K14","57","primary-k00-k14","상세불명의 치아발육의 장애치아형성의 장애 NOS","","","","","204","204","K00.9	상세불명의 치아발육의 장애치아형성의 장애 NOS"
"K01","","구강, 침샘 및 턱의 질환","K00-K14","58","primary-k00-k14","매몰치 및 매복치","","매몰치와 매복치 또는 그 인접치아의 이상위치를 동반한 매몰치 및 매복치","","","206","207","K01	매몰치 및 매복치 || 제외 : 매몰치와 매복치 또는 그 인접치아의 이상위치를 동반한 매몰치 및 매복치"
"K01.0","K01","구강, 침샘 및 턱의 질환","K00-K14","59","primary-k00-k14","매몰치","","","매몰치는 다른 치아에 의한 폐쇄가 없는데도 맹출되지 못한 치아를 말한다.","","208","209","K01.0	매몰치 || 매몰치는 다른 치아에 의한 폐쇄가 없는데도 맹출되지 못한 치아를 말한다."
"K01.1","K01","구강, 침샘 및 턱의 질환","K00-K14","60","primary-k00-k14","매복치","","","매복치는 다른 치아에 이한 폐쇄 때문에 맹출되지 못한 치아를 말한다","","210","211","K01.1	매복치 || 매복치는 다른 치아에 이한 폐쇄 때문에 맹출되지 못한 치아를 말한다"
"K01.10","K01.1","구강, 침샘 및 턱의 질환","K00-K14","61","primary-k00-k14","상악 절치의 매복","","","","","212","212","K01.10	상악 절치의 매복"
"K01.11","K01.1","구강, 침샘 및 턱의 질환","K00-K14","62","primary-k00-k14","하악 절치의 매복","","","","","213","213","K01.11	하악 절치의 매복"
"K01.12","K01.1","구강, 침샘 및 턱의 질환","K00-K14","63","primary-k00-k14","상악 견치의 매복","","","","","214","214","K01.12	상악 견치의 매복"
"K01.13","K01.1","구강, 침샘 및 턱의 질환","K00-K14","64","primary-k00-k14","하악 견치의 매복","","","","","215","215","K01.13	하악 견치의 매복"
"K01.14","K01.1","구강, 침샘 및 턱의 질환","K00-K14","65","primary-k00-k14","상악 소구치의 매복","","","","","216","216","K01.14	상악 소구치의 매복"
"K01.15","K01.1","구강, 침샘 및 턱의 질환","K00-K14","66","primary-k00-k14","하악 소구치의 매복","","","","","217","217","K01.15	하악 소구치의 매복"
"K01.16","K01.1","구강, 침샘 및 턱의 질환","K00-K14","67","primary-k00-k14","상악 대구치의 매복","","","","","218","218","K01.16	상악 대구치의 매복"
"K01.161","K01.16","구강, 침샘 및 턱의 질환","K00-K14","68","primary-k00-k14","제1대구치","","","","","219","219","K01.161	제1대구치"
"K01.162","K01.16","구강, 침샘 및 턱의 질환","K00-K14","69","primary-k00-k14","제2대구치","","","","","220","220","K01.162	제2대구치"
"K01.163","K01.16","구강, 침샘 및 턱의 질환","K00-K14","70","primary-k00-k14","제3대구치","","","","","221","221","K01.163	제3대구치"
"K01.169","K01.16","구강, 침샘 및 턱의 질환","K00-K14","71","primary-k00-k14","상세불명","","","","","222","222","K01.169	상세불명"
"K01.17","K01.1","구강, 침샘 및 턱의 질환","K00-K14","72","primary-k00-k14","하악 대구치의 매복","","","","","223","223","K01.17	하악 대구치의 매복"
"K01.171","K01.17","구강, 침샘 및 턱의 질환","K00-K14","73","primary-k00-k14","제1대구치","","","","","224","224","K01.171	제1대구치"
"K01.172","K01.17","구강, 침샘 및 턱의 질환","K00-K14","74","primary-k00-k14","제2대구치","","","","","225","225","K01.172	제2대구치"
"K01.173","K01.17","구강, 침샘 및 턱의 질환","K00-K14","75","primary-k00-k14","제3대구치","","","","","226","226","K01.173	제3대구치"
"K01.179","K01.17","구강, 침샘 및 턱의 질환","K00-K14","76","primary-k00-k14","상세불명","","","","","227","227","K01.179	상세불명"
"K01.18","K01.1","구강, 침샘 및 턱의 질환","K00-K14","77","primary-k00-k14","과잉매복치","","","","","228","228","K01.18	과잉매복치"
"K01.19","K01.1","구강, 침샘 및 턱의 질환","K00-K14","78","primary-k00-k14","상세불명의 매복치","","","","","229","229","K01.19	상세불명의 매복치"
"K02","","구강, 침샘 및 턱의 질환","K00-K14","79","primary-k00-k14","치아우식","","","","","230","230","K02	치아우식"
"K02.0","K02","구강, 침샘 및 턱의 질환","K00-K14","80","primary-k00-k14","법랑질에 제한된 우식","","","백색반점병면(초기우식)","","231","232","K02.0	법랑질에 제한된 우식 || 백색반점병면(초기우식)"
"K02.1","K02","구강, 침샘 및 턱의 질환","K00-K14","81","primary-k00-k14","상아질의 우식","","","","","233","233","K02.1	상아질의 우식"
"K02.2","K02","구강, 침샘 및 턱의 질환","K00-K14","82","primary-k00-k14","시멘트질의 우식","","","","","234","234","K02.2	시멘트질의 우식"
"K02.3","K02","구강, 침샘 및 턱의 질환","K00-K14","83","primary-k00-k14","정지된 치아우식","","","","","235","235","K02.3	정지된 치아우식"
"K02.4","K02","구강, 침샘 및 턱의 질환","K00-K14","84","primary-k00-k14","파치증","","","영아성 흑색치아 | 흑색파치증","","236","238","K02.4	파치증 || 영아성 흑색치아 || 흑색파치증"
"K02.8","K02","구강, 침샘 및 턱의 질환","K00-K14","85","primary-k00-k14","기타 치아우식","","","","","239","239","K02.8	기타 치아우식"
"K02.9","K02","구강, 침샘 및 턱의 질환","K00-K14","86","primary-k00-k14","상세불명의 치아우식","","","","","240","240","K02.9	상세불명의 치아우식"
"K03","","구강, 침샘 및 턱의 질환","K00-K14","87","primary-k00-k14","치아경조직의 기타질환","","이갈이(F45.8)치아우식(K02.-)이갈이 NOS(F45.8)","","K02","242","243","K03	치아경조직의 기타질환 || 제외 : 이갈이(F45.8)치아우식(K02.-)이갈이 NOS(F45.8)"
"K03.0","K03","구강, 침샘 및 턱의 질환","K00-K14","88","primary-k00-k14","치아의 과다교모","","","","","244","244","K03.0	치아의 과다교모"
"K03.00","K03.0","구강, 침샘 및 턱의 질환","K00-K14","89","primary-k00-k14","교합면의 마모","","","","","245","245","K03.00	교합면의 마모"
"K03.01","K03.0","구강, 침샘 및 턱의 질환","K00-K14","90","primary-k00-k14","인접면의 마모","","","","","246","246","K03.01	인접면의 마모"
"K03.08","K03.0","구강, 침샘 및 턱의 질환","K00-K14","91","primary-k00-k14","기타 명시된 형태의 치아의 교모","","","","","247","247","K03.08	기타 명시된 형태의 치아의 교모"
"K03.09","K03.0","구강, 침샘 및 턱의 질환","K00-K14","92","primary-k00-k14","상세불명의 치아의 교모","","","","","248","248","K03.09	상세불명의 치아의 교모"
"K03.1","K03","구강, 침샘 및 턱의 질환","K00-K14","93","primary-k00-k14","치아의 마모","","","","","249","249","K03.1	치아의 마모"
"K03.10","K03.1","구강, 침샘 및 턱의 질환","K00-K14","94","primary-k00-k14","치아의 치약마모","","","치아의 쐐기결손 NOS","","250","251","K03.10	치아의 치약마모 || 치아의 쐐기결손 NOS"
"K03.11","K03.1","구강, 침샘 및 턱의 질환","K00-K14","95","primary-k00-k14","치아의 습관성 마모","","","","","252","252","K03.11	치아의 습관성 마모"
"K03.12","K03.1","구강, 침샘 및 턱의 질환","K00-K14","96","primary-k00-k14","치아의 직업성 마모","","","","","253","253","K03.12	치아의 직업성 마모"
"K03.13","K03.1","구강, 침샘 및 턱의 질환","K00-K14","97","primary-k00-k14","치아의 전통성 마모","","","종교의식(儀式)성 마모","","254","255","K03.13	치아의 전통성 마모 || 종교의식(儀式)성 마모"
"K03.18","K03.1","구강, 침샘 및 턱의 질환","K00-K14","98","primary-k00-k14","기타 명시된 치아의 마모","","","","","256","256","K03.18	기타 명시된 치아의 마모"
"K03.19","K03.1","구강, 침샘 및 턱의 질환","K00-K14","99","primary-k00-k14","상세불명의 치아의 마모","","","","","257","257","K03.19	상세불명의 치아의 마모"
"K03.2","K03","구강, 침샘 및 턱의 질환","K00-K14","100","primary-k00-k14","치아의 침식","","","","","258","258","K03.2	치아의 침식"
"K03.20","K03.2","구강, 침샘 및 턱의 질환","K00-K14","101","primary-k00-k14","직업성 치아의 침식","","","","","259","259","K03.20	직업성 치아의 침식"
"K03.21","K03.2","구강, 침샘 및 턱의 질환","K00-K14","102","primary-k00-k14","지속적 구토에 의한 치아의 침식","","","","","260","260","K03.21	지속적 구토에 의한 치아의 침식"
"K03.22","K03.2","구강, 침샘 및 턱의 질환","K00-K14","103","primary-k00-k14","식사에 의한 치아의 침식","","","","","261","261","K03.22	식사에 의한 치아의 침식"
"K03.23","K03.2","구강, 침샘 및 턱의 질환","K00-K14","104","primary-k00-k14","약물 및 약제의 의한 치아의 잠식","","","","","262","262","K03.23	약물 및 약제의 의한 치아의 잠식"
"K03.24","K03.2","구강, 침샘 및 턱의 질환","K00-K14","105","primary-k00-k14","특발성 치아의 침식","","","","","263","263","K03.24	특발성 치아의 침식"
"K03.28","K03.2","구강, 침샘 및 턱의 질환","K00-K14","106","primary-k00-k14","기타 명시된 치아의 침식","","","","","264","264","K03.28	기타 명시된 치아의 침식"
"K03.29","K03.2","구강, 침샘 및 턱의 질환","K00-K14","107","primary-k00-k14","상세불명의 치아의 잠식","","","","","265","265","K03.29	상세불명의 치아의 잠식"
"K03.3","K03","구강, 침샘 및 턱의 질환","K00-K14","108","primary-k00-k14","치아의 병적 흡수","","","","","266","266","K03.3	치아의 병적 흡수"
"K03.30","K03.3","구강, 침샘 및 턱의 질환","K00-K14","109","primary-k00-k14","치아의 외부 흡수","","","","","267","267","K03.30	치아의 외부 흡수"
"K03.31","K03.3","구강, 침샘 및 턱의 질환","K00-K14","110","primary-k00-k14","치아의 내부 흡수[내부 육아종][분홍반점]","","","","","268","268","K03.31	치아의 내부 흡수[내부 육아종][분홍반점]"
"K03.39","K03.3","구강, 침샘 및 턱의 질환","K00-K14","111","primary-k00-k14","상세불명의 치아의 병적 흡수","","","","","269","269","K03.39	상세불명의 치아의 병적 흡수"
"K03.4","K03","구강, 침샘 및 턱의 질환","K00-K14","112","primary-k00-k14","과시멘트질증","","파젯병에서의 고시멘트질증(M88.8)","시멘트질증식증","","270","272","K03.4	과시멘트질증 || 시멘트질증식증 || 제외 : 파젯병에서의 고시멘트질증(M88.8)"
"K03.5","K03","구강, 침샘 및 턱의 질환","K00-K14","113","primary-k00-k14","치아의 유착증","","","","","273","273","K03.5	치아의 유착증"
"K03.6","K03","구강, 침샘 및 턱의 질환","K00-K14","114","primary-k00-k14","치아의 침착물[유착물]","","","치석 :	잇몸밑 | 잇몸위 | 치아의 침착물[유착물] :	베텔(씹는 후추) | 흑색 | 녹색 | 백질 | 오렌지색 | 담배 | 치아의 착색 : 	NOS | 외인성 NOS","","274","284","K03.6	치아의 침착물[유착물] || 치석 :	잇몸밑 || 잇몸위 || 치아의 침착물[유착물] :	베텔(씹는 후추) || 흑색 || 녹색 || 백질 || 오렌지색 || 담배 || 치아의 착색 : 	NOS || 외인성 NOS"
"K03.7","K03","구강, 침샘 및 턱의 질환","K00-K14","115","primary-k00-k14","치아경조직의 맹출후 색조변화","","치아의 침착물[유착물](K03.6)","","K03.6","285","286","K03.7	치아경조직의 맹출후 색조변화 || 제외 : 치아의 침착물[유착물](K03.6)"
"K03.8","K03","구강, 침샘 및 턱의 질환","K00-K14","116","primary-k00-k14","기타 명시된 치아경조직의 질환","","","","","287","287","K03.8	기타 명시된 치아경조직의 질환"
"K03.80","K03.8","구강, 침샘 및 턱의 질환","K00-K14","117","primary-k00-k14","과민성 상아질","","","","","288","288","K03.80	과민성 상아질"
"K03.81","K03.8","구강, 침샘 및 턱의 질환","K00-K14","118","primary-k00-k14","방사선 조사된 법랑질","","","방사선유발성일 때 방사선 감별을 원한다면추가로 외인분류번호(XX장)을 사용할 것.","","289","290","K03.81	방사선 조사된 법랑질 || 방사선유발성일 때 방사선 감별을 원한다면추가로 외인분류번호(XX장)을 사용할 것."
"K03.88","K03.8","구강, 침샘 및 턱의 질환","K00-K14","119","primary-k00-k14","기타 명시된 치아경조직의 질환","","","","","291","291","K03.88	기타 명시된 치아경조직의 질환"
"K03.9","K03","구강, 침샘 및 턱의 질환","K00-K14","120","primary-k00-k14","상세불명의 치아경조직의 질환","","","","","292","292","K03.9	상세불명의 치아경조직의 질환"
"K04","","구강, 침샘 및 턱의 질환","K00-K14","121","primary-k00-k14","치수 및 치근단주위조직의 질환","","","","","294","294","K04 치수 및 치근단주위조직의 질환"
"K04.0","K04","구강, 침샘 및 턱의 질환","K00-K14","122","primary-k00-k14","치수염","","","급성 치수염 | 만성(증식성)(궤양성) 치수염","","295","297","K04.0	치수염 || 급성 치수염 || 만성(증식성)(궤양성) 치수염"
"K04.00","K04.0","구강, 침샘 및 턱의 질환","K00-K14","123","primary-k00-k14","가역적 치수염","","","","","298","298","K04.00	가역적 치수염"
"K04.01","K04.0","구강, 침샘 및 턱의 질환","K00-K14","124","primary-k00-k14","비가역적 치수염","","","","","299","299","K04.01	비가역적 치수염"
"K04.09","K04.0","구강, 침샘 및 턱의 질환","K00-K14","125","primary-k00-k14","상세불명의 치수염","","","","","300","300","K04.09	상세불명의 치수염"
"K04.1","K04","구강, 침샘 및 턱의 질환","K00-K14","126","primary-k00-k14","치수의 괴사","","","치수 괴저","","301","302","K04.1	치수의 괴사 || 치수 괴저"
"K04.2","K04","구강, 침샘 및 턱의 질환","K00-K14","127","primary-k00-k14","치수변성","","","상아립 | 치수석회화 | 치수결석","","303","306","K04.2	치수변성 || 상아립 || 치수석회화 || 치수결석"
"K04.3","K04","구강, 침샘 및 턱의 질환","K00-K14","128","primary-k00-k14","치수내의 이상경조직형성","","치수 석회화(K04.2)치수 결석(K04.2)","이차성 또는 불규칙적 상아질","K04.2","307","309","K04.3	치수내의 이상경조직형성 || 이차성 또는 불규칙적 상아질 || 제외 : 치수 석회화(K04.2)치수 결석(K04.2)"
"K04.4","K04","구강, 침샘 및 턱의 질환","K00-K14","129","primary-k00-k14","치수기원의 급성 근단치주염","","","급성 근단치주염 NOS","","310","311","K04.4	치수기원의 급성 근단치주염 || 급성 근단치주염 NOS"
"K04.5","K04","구강, 침샘 및 턱의 질환","K00-K14","130","primary-k00-k14","만성 근단치주염","","","근단 또는 근단주위 육아종 | 근단치주염 NOS","","312","314","K04.5	만성 근단치주염 || 근단 또는 근단주위 육아종 || 근단치주염 NOS"
"K04.6","K04","구강, 침샘 및 턱의 질환","K00-K14","131","primary-k00-k14","동이 있는 근단주위농양","","","동이 있는 :	치아농양 | 치아치조농양","","315","317","K04.6	동이 있는 근단주위농양 || 동이 있는 :	치아농양 || 치아치조농양"
"K04.60","K04.6","구강, 침샘 및 턱의 질환","K00-K14","132","primary-k00-k14","상악동으로 연결된 동","","","","","318","318","K04.60	상악동으로 연결된 동"
"K04.61","K04.6","구강, 침샘 및 턱의 질환","K00-K14","133","primary-k00-k14","비강으로 연결된 동","","","","","319","319","K04.61	비강으로 연결된 동"
"K04.62","K04.6","구강, 침샘 및 턱의 질환","K00-K14","134","primary-k00-k14","구강으로 연결된 동","","","","","320","320","K04.62	구강으로 연결된 동"
"K04.63","K04.6","구강, 침샘 및 턱의 질환","K00-K14","135","primary-k00-k14","피부로 연결된 동","","","","","321","321","K04.63	피부로 연결된 동"
"K04.69","K04.6","구강, 침샘 및 턱의 질환","K00-K14","136","primary-k00-k14","상세불명의 동이 있는 근단주위농양","","","","","322","322","K04.69	상세불명의 동이 있는 근단주위농양"
"K04.7","K04","구강, 침샘 및 턱의 질환","K00-K14","137","primary-k00-k14","동이 없는 근단주위농양","","","농양 NOS: 	치아 | 치아치조 | 근단주위","","323","326","K04.7	동이 없는 근단주위농양 || 농양 NOS: 	치아 || 치아치조 || 근단주위"
"K04.8","K04","구강, 침샘 및 턱의 질환","K00-K14","138","primary-k00-k14","치근낭","","외측치주낭(K09.0)","낭 :	근단(치주) | 근단주위","K09.0","327","330","K04.8	치근낭 || 낭 :	근단(치주) || 근단주위 || 제외 : 외측치주낭(K09.0)"
"K04.80","K04.8","구강, 침샘 및 턱의 질환","K00-K14","139","primary-k00-k14","근단 및 외측의 치근낭","","","","","331","331","K04.80	근단 및 외측의 치근낭"
"K04.81","K04.8","구강, 침샘 및 턱의 질환","K00-K14","140","primary-k00-k14","잔류성 치근낭","","","","","332","332","K04.81	잔류성 치근낭"
"K04.82","K04.8","구강, 침샘 및 턱의 질환","K00-K14","141","primary-k00-k14","염증성 치주의 치근낭","","발육성 외측치주낭(K09.0)","","K09.0","333","334","K04.82	염증성 치주의 치근낭 || 제외 : 발육성 외측치주낭(K09.0)"
"K04.89","K04.8","구강, 침샘 및 턱의 질환","K00-K14","142","primary-k00-k14","상세불명의 치근낭","","","","","335","335","K04.89	상세불명의 치근낭"
"K04.9","K04","구강, 침샘 및 턱의 질환","K00-K14","143","primary-k00-k14","치수 및 치근단주위조직의 기타 및 상세불명의 질환","","","","","336","336","K04.9	치수 및 치근단주위조직의 기타 및 상세불명의 질환"
"K05","","구강, 침샘 및 턱의 질환","K00-K14","144","primary-k00-k14","치은염 및 치주질환","","","","","338","338","K05	치은염 및 치주질환"
"K05.0","K05","구강, 침샘 및 턱의 질환","K00-K14","145","primary-k00-k14","급성 치은염","","급성 치관주위염(K05.22)급성 괴사궤양성 치은염(A69.1)헤르페스바이러스[단순헤르페스] 치은 구내염(B00.2)","","K05.22","339","340","K05.0	급성 치은염 || 제외 : 급성 치관주위염(K05.22)급성 괴사궤양성 치은염(A69.1)헤르페스바이러스[단순헤르페스] 치은 구내염(B00.2)"
"K05.00","K05.0","구강, 침샘 및 턱의 질환","K00-K14","146","primary-k00-k14","급성 연쇄구균치은구내염","","","","","341","341","K05.00	급성 연쇄구균치은구내염"
"K05.08","K05.0","구강, 침샘 및 턱의 질환","K00-K14","147","primary-k00-k14","기타 명시된 급성 치은염","","","","","342","342","K05.08	기타 명시된 급성 치은염"
"K05.09","K05.0","구강, 침샘 및 턱의 질환","K00-K14","148","primary-k00-k14","상세불명의 급성 치은염","","","","","343","343","K05.09	상세불명의 급성 치은염"
"K05.1","K05","구강, 침샘 및 턱의 질환","K00-K14","149","primary-k00-k14","만성 치은염","","","","","344","344","K05.1	만성 치은염"
"K05.10","K05.1","구강, 침샘 및 턱의 질환","K00-K14","150","primary-k00-k14","단순 변연부","","","","","345","345","K05.10	단순 변연부"
"K05.11","K05.1","구강, 침샘 및 턱의 질환","K00-K14","151","primary-k00-k14","증식성","","","","","346","346","K05.11	증식성"
"K05.12","K05.1","구강, 침샘 및 턱의 질환","K00-K14","152","primary-k00-k14","궤양성","","괴사성 궤양성 치은염(A69.1)","","","347","348","K05.12	궤양성 || 제외 : 괴사성 궤양성 치은염(A69.1)"
"K05.13","K05.1","구강, 침샘 및 턱의 질환","K00-K14","153","primary-k00-k14","박리성","","","","","349","349","K05.13	박리성"
"K05.18","K05.1","구강, 침샘 및 턱의 질환","K00-K14","154","primary-k00-k14","기타 명시된 만성 치은염","","","","","350","350","K05.18	기타 명시된 만성 치은염"
"K05.19","K05.1","구강, 침샘 및 턱의 질환","K00-K14","155","primary-k00-k14","상세불명의 만성 치은염","","","","","351","351","K05.19	상세불명의 만성 치은염"
"K05.2","K05","구강, 침샘 및 턱의 질환","K00-K14","156","primary-k00-k14","급성 치주염","","","","","352","352","K05.2	급성 치주염"
"K05.20","K05.2","구강, 침샘 및 턱의 질환","K00-K14","157","primary-k00-k14","동이 없는 잇몸 기원의 치주농양","","치수기원의 급성 근단성 치주염(K04.4)근단주위농양(K04.7)동이 있는 근단주위농양(K04.6-)","치수기원의 치주농양","K04.4 | K04.7 | K04.6","353","355","K05.20	동이 없는 잇몸 기원의 치주농양 || 제외 : 치수기원의 급성 근단성 치주염(K04.4)근단주위농양(K04.7)동이 있는 근단주위농양(K04.6-) || 치수기원의 치주농양"
"K05.21","K05.2","구강, 침샘 및 턱의 질환","K00-K14","158","primary-k00-k14","동이 있는 잇몸 기원의 치주농양","","치수기원의 급성 근단성 치주염(K04.4)근단주위농양(K04.7)동이 있는 근단주위농양(K04.6-)","","K04.4 | K04.7 | K04.6","356","357","K05.21	동이 있는 잇몸 기원의 치주농양 || 제외 : 치수기원의 급성 근단성 치주염(K04.4)근단주위농양(K04.7)동이 있는 근단주위농양(K04.6-)"
"K05.22","K05.2","구강, 침샘 및 턱의 질환","K00-K14","159","primary-k00-k14","급성 치관주위염","","","","","358","358","K05.22	급성 치관주위염"
"K05.28","K05.2","구강, 침샘 및 턱의 질환","K00-K14","160","primary-k00-k14","기타 명시된 급성 치주염","","","","","359","359","K05.28	기타 명시된 급성 치주염"
"K05.29","K05.2","구강, 침샘 및 턱의 질환","K00-K14","161","primary-k00-k14","상세불명의 급성 치주염","","","","","360","360","K05.29	상세불명의 급성 치주염"
"K05.3","K05","구강, 침샘 및 턱의 질환","K00-K14","162","primary-k00-k14","만성 치주염","","","","","361","361","K05.3	만성 치주염"
"K05.30","K05.3","구강, 침샘 및 턱의 질환","K00-K14","163","primary-k00-k14","만성 단순치주염","","","","","362","362","K05.30	만성 단순치주염"
"K05.31","K05.3","구강, 침샘 및 턱의 질환","K00-K14","164","primary-k00-k14","만성 치관주위염","","","","","363","363","K05.31	만성 치관주위염"
"K05.38","K05.3","구강, 침샘 및 턱의 질환","K00-K14","165","primary-k00-k14","기타 명시된 만성 치주염","","","","","364","364","K05.38	기타 명시된 만성 치주염"
"K05.39","K05.3","구강, 침샘 및 턱의 질환","K00-K14","166","primary-k00-k14","상세불명의 만성 치주염","","","","","365","365","K05.39	상세불명의 만성 치주염"
"K05.4","K05","구강, 침샘 및 턱의 질환","K00-K14","167","primary-k00-k14","치주증","","","연소성 치주증","","366","367","K05.4	치주증 || 연소성 치주증"
"K05.5","K05","구강, 침샘 및 턱의 질환","K00-K14","168","primary-k00-k14","기타치주질환","","","","","368","368","K05.5	기타치주질환"
"K05.6","K05","구강, 침샘 및 턱의 질환","K00-K14","169","primary-k00-k14","상세불명의 치주질환","","","","","369","369","K05.6	상세불명의 치주질환"
"K06","","구강, 침샘 및 턱의 질환","K00-K14","170","primary-k00-k14","잇몸 및 무치성 치조용기의 기타 장애","","무치성 치조융기의 위축(K08.2)치은염:	NOS(K05.1)","급성(K05.0) | 만성(K05.1)","K08.2 | K05.1 | K05.0","371","374","K06	잇몸 및 무치성 치조용기의 기타 장애 || 제외 : 무치성 치조융기의 위축(K08.2)치은염:	NOS(K05.1) || 급성(K05.0) || 만성(K05.1)"
"K06.0","K06","구강, 침샘 및 턱의 질환","K00-K14","171","primary-k00-k14","치은퇴축","","","","","375","375","K06.0	치은퇴축"
"K06.00","K06.0","구강, 침샘 및 턱의 질환","K00-K14","172","primary-k00-k14","국소적","","","","","376","376","K06.00	국소적"
"K06.01","K06.0","구강, 침샘 및 턱의 질환","K00-K14","173","primary-k00-k14","전반적","","","","","377","377","K06.01	전반적"
"K06.09","K06.0","구강, 침샘 및 턱의 질환","K00-K14","174","primary-k00-k14","상세불명의 치은퇴축","","","치은퇴축(감염후, 수술후)","","378","379","K06.09	상세불명의 치은퇴축 || 치은퇴축(감염후, 수술후)"
"K06.1","K06","구강, 침샘 및 턱의 질환","K00-K14","175","primary-k00-k14","치은비대","","","","","380","380","K06.1	치은비대"
"K06.10","K06.1","구강, 침샘 및 턱의 질환","K00-K14","176","primary-k00-k14","치은섬유종증","","","","","381","381","K06.10	치은섬유종증"
"K06.18","K06.1","구강, 침샘 및 턱의 질환","K00-K14","177","primary-k00-k14","기타 명시된 치은비대","","","","","382","382","K06.18	기타 명시된 치은비대"
"K06.19","K06.1","구강, 침샘 및 턱의 질환","K00-K14","178","primary-k00-k14","상세불명의 치은비대","","","","","383","383","K06.19	상세불명의 치은비대"
"K06.2","K06","구강, 침샘 및 턱의 질환","K00-K14","179","primary-k00-k14","외상과 연관된 잇몸 및 무치성 치조융기의 병변","","","원인 분류를 원한다면 부가 외인분류번호(XX장)을 사용할 것.","","384","385","K06.2	외상과 연관된 잇몸 및 무치성 치조융기의 병변 || 원인 분류를 원한다면 부가 외인분류번호(XX장)을 사용할 것."
"K06.20","K06.2","구강, 침샘 및 턱의 질환","K00-K14","180","primary-k00-k14","외상성 교합에 의한","","","","","386","386","K06.20	외상성 교합에 의한"
"K06.21","K06.2","구강, 침샘 및 턱의 질환","K00-K14","181","primary-k00-k14","칫솔질에 의한","","","","","387","387","K06.21	칫솔질에 의한"
"K06.22","K06.2","구강, 침샘 및 턱의 질환","K00-K14","182","primary-k00-k14","마찰성(기능성) 각화증","","","","","388","388","K06.22	마찰성(기능성) 각화증"
"K06.23","K06.2","구강, 침샘 및 턱의 질환","K00-K14","183","primary-k00-k14","자극성 증식증[의치성 증식증]","","","무치성 융선으 자극성 증식증[의치성 증식증]","","389","390","K06.23	자극성 증식증[의치성 증식증] || 무치성 융선으 자극성 증식증[의치성 증식증]"
"K06.28","K06.2","구강, 침샘 및 턱의 질환","K00-K14","184","primary-k00-k14","기타 명시된 외상과 연관된 잇몸 및 무치성 치조융기의 병변","","","","","391","391","K06.28	기타 명시된 외상과 연관된 잇몸 및 무치성 치조융기의 병변"
"K06.29","K06.2","구강, 침샘 및 턱의 질환","K00-K14","185","primary-k00-k14","상세불명의 외상과 연관된 잇몸 및 무치성 치조융기의 병변","","","","","392","392","K06.29	상세불명의 외상과 연관된 잇몸 및 무치성 치조융기의 병변"
"K06.8","K06","구강, 침샘 및 턱의 질환","K00-K14","186","primary-k00-k14","기타 명시된 잇몸 및 무치성 치조융기의 장애","","","","","393","393","K06.8	기타 명시된 잇몸 및 무치성 치조융기의 장애"
"K06.80","K06.8","구강, 침샘 및 턱의 질환","K00-K14","187","primary-k00-k14","성인성 치은낭","","","","","394","394","K06.80	성인성 치은낭"
"K06.88","K06.8","구강, 침샘 및 턱의 질환","K00-K14","188","primary-k00-k14","기타 명시된 잇몸 및 무치성 치조융기의 장애","","","섬유성 치은종 | 가동성 융기 | 거대세포 치은종 | 말초 거대세포육아종 | 잇몸의 화농성 육아종","","395","400","K06.88	기타 명시된 잇몸 및 무치성 치조융기의 장애 || 섬유성 치은종 || 가동성 융기 || 거대세포 치은종 || 말초 거대세포육아종 || 잇몸의 화농성 육아종"
"K06.9","K06","구강, 침샘 및 턱의 질환","K00-K14","189","primary-k00-k14","상세불명의 잇몸 및 무치성 치조융기의 장애","","","","","401","401","K06.9	상세불명의 잇몸 및 무치성 치조융기의 장애"
"K07","","구강, 침샘 및 턱의 질환","K00-K14","190","primary-k00-k14","치아얼굴이상[부정교합포함]","","반족얼굴위축 또는 비대(Q67.4)한쪽 과두의 증식증 또는 형성저하 (K10.8)","","K10.8","403","404","K07	치아얼굴이상[부정교합포함] || 제외 : 반족얼굴위축 또는 비대(Q67.4)한쪽 과두의 증식증 또는 형성저하 (K10.8)"
"K07.0","K07","구강, 침샘 및 턱의 질환","K00-K14","191","primary-k00-k14","턱크기의 주요 이상","","말단비대증(E22.0)로빈증후군(Q87.0)","","","405","406","K07.0	턱크기의 주요 이상 || 제외 : 말단비대증(E22.0)로빈증후군(Q87.0)"
"K07.00","K07.0","구강, 침샘 및 턱의 질환","K00-K14","192","primary-k00-k14","상악의 대악증[상악의 증식증]","","","","","407","407","K07.00	상악의 대악증[상악의 증식증]"
"K07.01","K07.0","구강, 침샘 및 턱의 질환","K00-K14","193","primary-k00-k14","하악의 대악증[하악의 증식증]","","","","","408","408","K07.01	하악의 대악증[하악의 증식증]"
"K07.02","K07.0","구강, 침샘 및 턱의 질환","K00-K14","194","primary-k00-k14","양악의 대악증","","","","","409","409","K07.02	양악의 대악증"
"K07.03","K07.0","구강, 침샘 및 턱의 질환","K00-K14","195","primary-k00-k14","상악의 소악증[상악의 형성저하]","","","","","410","410","K07.03	상악의 소악증[상악의 형성저하]"
"K07.04","K07.0","구강, 침샘 및 턱의 질환","K00-K14","196","primary-k00-k14","하악의 소악증[하악의 형성저하]","","","","","411","411","K07.04	하악의 소악증[하악의 형성저하]"
"K07.05","K07.0","구강, 침샘 및 턱의 질환","K00-K14","197","primary-k00-k14","양악의 소악증","","","","","412","412","K07.05	양악의 소악증"
"K07.08","K07.0","구강, 침샘 및 턱의 질환","K00-K14","198","primary-k00-k14","기타 명시된 턱크기의 이상","","","","","413","413","K07.08	기타 명시된 턱크기의 이상"
"K07.09","K07.0","구강, 침샘 및 턱의 질환","K00-K14","199","primary-k00-k14","상세불명의 턱크기의 이상","","","","","414","414","K07.09	상세불명의 턱크기의 이상"
"K07.1","K07","구강, 침샘 및 턱의 질환","K00-K14","200","primary-k00-k14","턱-두개골저의 관계이상","","","","","415","415","K07.1	턱-두개골저의 관계이상"
"K07.10","K07.1","구강, 침샘 및 턱의 질환","K00-K14","201","primary-k00-k14","턱의 비대칭","","","","","416","416","K07.10	턱의 비대칭"
"K07.11","K07.1","구강, 침샘 및 턱의 질환","K00-K14","202","primary-k00-k14","하악의 돌출증","","","","","417","417","K07.11	하악의 돌출증"
"K07.12","K07.1","구강, 침샘 및 턱의 질환","K00-K14","203","primary-k00-k14","상악의 돌출증","","","","","418","418","K07.12	상악의 돌출증"
"K07.13","K07.1","구강, 침샘 및 턱의 질환","K00-K14","204","primary-k00-k14","하악의 후퇴증","","","","","419","419","K07.13	하악의 후퇴증"
"K07.14","K07.1","구강, 침샘 및 턱의 질환","K00-K14","205","primary-k00-k14","상악의 후퇴증","","","","","420","420","K07.14	상악의 후퇴증"
"K07.18","K07.1","구강, 침샘 및 턱의 질환","K00-K14","206","primary-k00-k14","기타 명시된 턱-두개골저의 관계이상","","","","","421","421","K07.18	기타 명시된 턱-두개골저의 관계이상"
"K07.19","K07.1","구강, 침샘 및 턱의 질환","K00-K14","207","primary-k00-k14","상세불명의 턱-두개골저의 관계이상","","","","","422","422","K07.19	상세불명의 턱-두개골저의 관계이상"
"K07.2","K07","구강, 침샘 및 턱의 질환","K00-K14","208","primary-k00-k14","치열궁 관계의 이상","","","","","423","423","K07.2	치열궁 관계의 이상"
"K07.20","K07.2","구강, 침샘 및 턱의 질환","K00-K14","209","primary-k00-k14","원심교합","","","","","424","424","K07.20	원심교합"
"K07.21","K07.2","구강, 침샘 및 턱의 질환","K00-K14","210","primary-k00-k14","근심교합","","","","","425","425","K07.21	근심교합"
"K07.22","K07.2","구강, 침샘 및 턱의 질환","K00-K14","211","primary-k00-k14","과도한 상치돌출[수평적 피개교합]","","","","","426","426","K07.22	과도한 상치돌출[수평적 피개교합]"
"K07.23","K07.2","구강, 침샘 및 턱의 질환","K00-K14","212","primary-k00-k14","과도한 피개교합[수직적 피개교합]","","","","","427","427","K07.23	과도한 피개교합[수직적 피개교합]"
"K07.24","K07.2","구강, 침샘 및 턱의 질환","K00-K14","213","primary-k00-k14","개방교합","","","","","428","428","K07.24	개방교합"
"K07.25","K07.2","구강, 침샘 및 턱의 질환","K00-K14","214","primary-k00-k14","교차교합(전치부, 후치부)","","","","","429","429","K07.25	교차교합(전치부, 후치부)"
"K07.26","K07.2","구강, 침샘 및 턱의 질환","K00-K14","215","primary-k00-k14","정중편위","","","","","430","430","K07.26	정중편위"
"K07.27","K07.2","구강, 침샘 및 턱의 질환","K00-K14","216","primary-k00-k14","하악후치부의 후방혀","","","","","431","431","K07.27	하악후치부의 후방혀"
"K07.28","K07.2","구강, 침샘 및 턱의 질환","K00-K14","217","primary-k00-k14","기타 명시된 치열궁 관계의 이상","","","","","432","432","K07.28	기타 명시된 치열궁 관계의 이상"
"K07.29","K07.2","구강, 침샘 및 턱의 질환","K00-K14","218","primary-k00-k14","상세불명의 치열궁 관계의 이상","","","","","433","433","K07.29	상세불명의 치열궁 관계의 이상"
"K07.3","K07","구강, 침샘 및 턱의 질환","K00-K14","219","primary-k00-k14","치아위치의 이상","","위치이상이 없는 매몰치 및 매복치 (K01.-)","","K01","434","435","K07.3	치아위치의 이상 || 제외 : 위치이상이 없는 매몰치 및 매복치 (K01.-)"
"K07.30","K07.3","구강, 침샘 및 턱의 질환","K00-K14","220","primary-k00-k14","과밀","","","","","436","436","K07.30	과밀"
"K07.31","K07.3","구강, 침샘 및 턱의 질환","K00-K14","221","primary-k00-k14","전위","","","","","437","437","K07.31	전위"
"K07.32","K07.3","구강, 침샘 및 턱의 질환","K00-K14","222","primary-k00-k14","회전","","","","","438","438","K07.32	회전"
"K07.33","K07.3","구강, 침샘 및 턱의 질환","K00-K14","223","primary-k00-k14","간격","","","정중이개","","439","440","K07.33	간격 || 정중이개"
"K07.34","K07.3","구강, 침샘 및 턱의 질환","K00-K14","224","primary-k00-k14","전위 (K07.31과 중복되어 보이나 원문 유지)","","","","K07.31","441","441","K07.34	전위 (K07.31과 중복되어 보이나 원문 유지)"
"K07.35","K07.3","구강, 침샘 및 턱의 질환","K00-K14","225","primary-k00-k14","위치이상을 동반한 매몰치 또는 매복치","","","","","442","442","K07.35	위치이상을 동반한 매몰치 또는 매복치"
"K07.38","K07.3","구강, 침샘 및 턱의 질환","K00-K14","226","primary-k00-k14","기타 명시된 치아위치의 이상","","","","","443","443","K07.38	기타 명시된 치아위치의 이상"
"K07.39","K07.3","구강, 침샘 및 턱의 질환","K00-K14","227","primary-k00-k14","상세불명의 치아위치의 이상","","","","","444","444","K07.39	상세불명의 치아위치의 이상"
"K07.4","K07","구강, 침샘 및 턱의 질환","K00-K14","228","primary-k00-k14","상세불명의 부정교합","","","","","445","445","K07.4	상세불명의 부정교합"
"K07.5","K07","구강, 침샘 및 턱의 질환","K00-K14","229","primary-k00-k14","치아얼굴의 기능이상","","이갈이(F45.8)이갈이 NOS(F45.8)","","","446","447","K07.5	치아얼굴의 기능이상 || 제외 : 이갈이(F45.8)이갈이 NOS(F45.8)"
"K07.50","K07.5","구강, 침샘 및 턱의 질환","K00-K14","230","primary-k00-k14","턱닫힘이상","","","","","448","448","K07.50	턱닫힘이상"
"K07.51","K07.5","구강, 침샘 및 턱의 질환","K00-K14","231","primary-k00-k14","삼킴이상에 의한 부정교합","","","","","449","449","K07.51	삼킴이상에 의한 부정교합"
"K07.52","K07.5","구강, 침샘 및 턱의 질환","K00-K14","232","primary-k00-k14","입호흡에 의한 부정교합","","","","","450","450","K07.52	입호흡에 의한 부정교합"
"K07.53","K07.5","구강, 침샘 및 턱의 질환","K00-K14","233","primary-k00-k14","혀, 입술 또는 손가락의 습관에 의한 부정교합","","","","","451","451","K07.53	혀, 입술 또는 손가락의 습관에 의한 부정교합"
"K07.58","K07.5","구강, 침샘 및 턱의 질환","K00-K14","234","primary-k00-k14","기타 명시된 치아얼굴의 기능적 이상","","","","","452","452","K07.58	기타 명시된 치아얼굴의 기능적 이상"
"K07.59","K07.5","구강, 침샘 및 턱의 질환","K00-K14","235","primary-k00-k14","상세불명의 치아얼굴의 기능적 이상","","","","","453","453","K07.59	상세불명의 치아얼굴의 기능적 이상"
"K07.6","K07","구강, 침샘 및 턱의 질환","K00-K14","236","primary-k00-k14","턱관절장애","","현존 턱관절의 :	탈구(S03.0)			긴장(S03.4)","","S03.0 | S03.4","454","455","K07.6	턱관절장애 || 제외 : 현존 턱관절의 :	탈구(S03.0)			긴장(S03.4)"
"K07.60","K07.6","구강, 침샘 및 턱의 질환","K00-K14","237","primary-k00-k14","턱관절내장증","","","","","456","456","K07.60	턱관절내장증"
"K07.61","K07.6","구강, 침샘 및 턱의 질환","K00-K14","238","primary-k00-k14","턱관절잡음","","","","","457","457","K07.61	턱관절잡음"
"K07.62","K07.6","구강, 침샘 및 턱의 질환","K00-K14","239","primary-k00-k14","턱관절의 재발성 탈구 및 이탈구","","","","","458","458","K07.62	턱관절의 재발성 탈구 및 이탈구"
"K07.63","K07.6","구강, 침샘 및 턱의 질환","K00-K14","240","primary-k00-k14","달리 분류되지 않은 턱관절의 통증","","","","","459","459","K07.63	달리 분류되지 않은 턱관절의 통증"
"K07.64","K07.6","구강, 침샘 및 턱의 질환","K00-K14","241","primary-k00-k14","달리 분류되지 않은 턱관절의 경직","","","","","460","460","K07.64	달리 분류되지 않은 턱관절의 경직"
"K07.65","K07.6","구강, 침샘 및 턱의 질환","K00-K14","242","primary-k00-k14","턱관절의 퇴행성관절염","","","","","461","461","K07.65	턱관절의 퇴행성관절염"
"K07.66","K07.6","구강, 침샘 및 턱의 질환","K00-K14","243","primary-k00-k14","저작근의 장애","","","","","462","462","K07.66	저작근의 장애"
"K07.68","K07.6","구강, 침샘 및 턱의 질환","K00-K14","244","primary-k00-k14","기타 명시된 턱관절장애","","","","","463","463","K07.68	기타 명시된 턱관절장애"
"K07.69","K07.6","구강, 침샘 및 턱의 질환","K00-K14","245","primary-k00-k14","상세불명의 턱관절장애","","","","","464","464","K07.69	상세불명의 턱관절장애"
"K07.8","K07","구강, 침샘 및 턱의 질환","K00-K14","246","primary-k00-k14","기타 치아얼굴이상","","","","","465","465","K07.8	기타 치아얼굴이상"
"K07.9","K07","구강, 침샘 및 턱의 질환","K00-K14","247","primary-k00-k14","상세불명의 치아얼굴이상","","","","","466","466","K07.9	상세불명의 치아얼굴이상"
"K08","","구강, 침샘 및 턱의 질환","K00-K14","248","primary-k00-k14","치아 및 지지구조의 기타장애","","","","","468","468","K08	치아 및 지지구조의 기타장애"
"K08.0","K08","구강, 침샘 및 턱의 질환","K00-K14","249","primary-k00-k14","전신적 원인에 의한 치아의 탈락","","유치[젖니]의 조기 탈락(K00.65)","치아탈락(말단통증(T56.1), 저인산증(E83.3)등 전신적 원인을 포함하는 주위 조직의 실병에 기인하는)","K00.65","469","471","K08.0	전신적 원인에 의한 치아의 탈락 || 치아탈락(말단통증(T56.1), 저인산증(E83.3)등 전신적 원인을 포함하는 주위 조직의 실병에 기인하는) || 제외 : 유치[젖니]의 조기 탈락(K00.65)"
"K08.1","K08","구강, 침샘 및 턱의 질환","K00-K14","250","primary-k00-k14","사고, 발치 또는 국한성 치주병에 의한 치아상실","","","제외: 현존 손상(S03.2)","S03.2","472","473","K08.1	사고, 발치 또는 국한성 치주병에 의한 치아상실 || 제외: 현존 손상(S03.2)"
"K08.2","K08","구강, 침샘 및 턱의 질환","K00-K14","251","primary-k00-k14","무치성 치조융기의 위축","","","","","474","474","K08.2	무치성 치조융기의 위축"
"K08.3","K08","구강, 침샘 및 턱의 질환","K00-K14","252","primary-k00-k14","잔존치근","","","","","475","475","K08.3	잔존치근"
"K08.8","K08","구강, 침샘 및 턱의 질환","K00-K14","253","primary-k00-k14","기타 명시된 치아 및 지지구조의 장애","","","","","476","476","K08.8	기타 명시된 치아 및 지지구조의 장애"
"K08.80","K08.8","구강, 침샘 및 턱의 질환","K00-K14","254","primary-k00-k14","치통 NOS","","","","","477","477","K08.80	치통 NOS"
"K08.81","K08.8","구강, 침샘 및 턱의 질환","K00-K14","255","primary-k00-k14","불규칙한 치조돌기","","","","","478","478","K08.81	불규칙한 치조돌기"
"K08.82","K08.8","구강, 침샘 및 턱의 질환","K00-K14","256","primary-k00-k14","치조융기의 비대 NOS","","","","","479","479","K08.82	치조융기의 비대 NOS"
"K08.88","K08.8","구강, 침샘 및 턱의 질환","K00-K14","257","primary-k00-k14","기타","","","","","480","480","K08.88	기타"
"K08.9","K08","구강, 침샘 및 턱의 질환","K00-K14","258","primary-k00-k14","상세불명의 치아 및 지지구조의 장애","","","","","481","481","K08.9	상세불명의 치아 및 지지구조의 장애"
"K09","","구강, 침샘 및 턱의 질환","K00-K14","259","primary-k00-k14","달리 분류되지 않은 구강영역의 낭","동맥류낭 및 기타 섬유-골성 병변 모두의 조직학적 소견을 보이는 병변","치근낭(K04.8)","","K04.8","483","485","K09	달리 분류되지 않은 구강영역의 낭 || 포함 : 동맥류낭 및 기타 섬유-골성 병변 모두의 조직학적 소견을 보이는 병변 || 제외 : 치근낭(K04.8)"
"K09.0","K09","구강, 침샘 및 턱의 질환","K00-K14","260","primary-k00-k14","발육성 치성낭","","","낭 :	힘치성 | 맹출 | 소포성 | 치은 | 외측치주성 | 원시성","","486","492","K09.0	발육성 치성낭 || 낭 :	힘치성 || 맹출 || 소포성 || 치은 || 외측치주성 || 원시성"
"K09.1","K09","구강, 침샘 및 턱의 질환","K00-K14","261","primary-k00-k14","구강영역의 발육성(비치원성)낭","","","(의)낭 :	구상상악 | 절치관 | 정중구개 | 비구개 | 구개유두","","493","498","K09.1	구강영역의 발육성(비치원성)낭 || (의)낭 :	구상상악 || 절치관 || 정중구개 || 비구개 || 구개유두"
"K09.2","K09","구강, 침샘 및 턱의 질환","K00-K14","262","primary-k00-k14","턱의 기타 낭","","턱의 잠복성 골낭(K10.0)스타프네낭(K10.0)","턱의:	낭NOS | 동맥류낭 | 출혈성 낭 | 외상성 낭","K10.0","499","504","K09.2	턱의 기타 낭 || 턱의:	낭NOS || 동맥류낭 || 출혈성 낭 || 외상성 낭 || 제외 : 턱의 잠복성 골낭(K10.0)스타프네낭(K10.0)"
"K09.8","K09","구강, 침샘 및 턱의 질환","K00-K14","263","primary-k00-k14","달리 분류되지 않은 구강영역의 기타 낭","","","입의:	유피낭 | 유표피낭 | 림프상피낭 | 엡스타인진주 | 코치조낭 | 코입술낭","","505","511","K09.8	달리 분류되지 않은 구강영역의 기타 낭 || 입의:	유피낭 || 유표피낭 || 림프상피낭 || 엡스타인진주 || 코치조낭 || 코입술낭"
"K09.9","K09","구강, 침샘 및 턱의 질환","K00-K14","264","primary-k00-k14","상세불명의 구강영역의 낭","","","","","512","512","K09.9	상세불명의 구강영역의 낭"
"K10","","구강, 침샘 및 턱의 질환","K00-K14","265","primary-k00-k14","턱의 기타 질환","","","","","514","514","K10	턱의 기타 질환"
"K10.0","K10","구강, 침샘 및 턱의 질환","K00-K14","266","primary-k00-k14","턱의 발육장애","","","턱의 잠복성 골낭 | 스타프네낭 | 하악융기 | 구개융기","","515","519","K10.0	턱의 발육장애 || 턱의 잠복성 골낭 || 스타프네낭 || 하악융기 || 구개융기"
"K10.1","K10","구강, 침샘 및 턱의 질환","K00-K14","267","primary-k00-k14","중심성 거대세포육아종","","말초성 거대세포육아종(K06.8)","거대세포육아종 NOS","K06.8","520","522","K10.1	중심성 거대세포육아종 || 거대세포육아종 NOS || 제외 : 말초성 거대세포육아종(K06.8)"
"K10.2","K10","구강, 침샘 및 턱의 질환","K00-K14","268","primary-k00-k14","턱의 염승정 병태","","","턱(급성, 만성, 화농성)의 : | 골염 | 골수염(신생아) | 방사선골괴사 | 골막염 | 턱뼈의 부골 | 방사선-유발일 때 방사선 분류를 원한다면 | 부가 외인분류번호(XX장)을 사용할 것.","","523","531","K10.2	턱의 염승정 병태 || 턱(급성, 만성, 화농성)의 : || 골염 || 골수염(신생아) || 방사선골괴사 || 골막염 || 턱뼈의 부골 || 방사선-유발일 때 방사선 분류를 원한다면 || 부가 외인분류번호(XX장)을 사용할 것."
"K10.3","K10","구강, 침샘 및 턱의 질환","K00-K14","269","primary-k00-k14","턱의치조염","","","치조골염 | 건성발 치와","","532","534","K10.3	턱의치조염 || 치조골염 || 건성발 치와"
"K10.8","K10","구강, 침샘 및 턱의 질환","K00-K14","270","primary-k00-k14","기타 명시된 턱의 질환","","","턱 :	가족성 섬유형성이상 | 외골증 | 섬유성 형성이상 | 한쪽 관절돌기 :	증식증 | 형성저하","","535","540","K10.8	기타 명시된 턱의 질환 || 턱 :	가족성 섬유형성이상 || 외골증 || 섬유성 형성이상 || 한쪽 관절돌기 :	증식증 || 형성저하"
"K10.9","K10","구강, 침샘 및 턱의 질환","K00-K14","271","primary-k00-k14","상세불명의 턱의 질환","","","","","541","541","K10.9	상세불명의 턱의 질환"
"K11","","구강, 침샘 및 턱의 질환","K00-K14","272","primary-k00-k14","침샘의 질환","","","","","543","543","K11	침샘의 질환"
"K11.0","K11","구강, 침샘 및 턱의 질환","K00-K14","273","primary-k00-k14","침샘의 위축","","","","","544","544","K11.0	침샘의 위축"
"K11.1","K11","구강, 침샘 및 턱의 질환","K00-K14","274","primary-k00-k14","침샘의 비대","","","","","545","545","K11.1	침샘의 비대"
"K11.2","K11","구강, 침샘 및 턱의 질환","K00-K14","275","primary-k00-k14","타액선염","","유행성 이하선염(B26.-)포도막귀밑샘열(D86.8)","","","546","547","K11.2	타액선염 || 제외 : 유행성 이하선염(B26.-)포도막귀밑샘열(D86.8)"
"K11.20","K11.2","구강, 침샘 및 턱의 질환","K00-K14","276","primary-k00-k14","급성 타액선염","","","","","548","548","K11.20	급성 타액선염"
"K11.21","K11.2","구강, 침샘 및 턱의 질환","K00-K14","277","primary-k00-k14","급성, 재발성 타액선염","","","","","549","549","K11.21	급성, 재발성 타액선염"
"K11.22","K11.2","구강, 침샘 및 턱의 질환","K00-K14","278","primary-k00-k14","만성 타액선염","","","","","550","550","K11.22	만성 타액선염"
"K11.29","K11.2","구강, 침샘 및 턱의 질환","K00-K14","279","primary-k00-k14","상세불명의 타액선염","","","","","551","551","K11.29	상세불명의 타액선염"
"K11.3","K11","구강, 침샘 및 턱의 질환","K00-K14","280","primary-k00-k14","침샘의 농양","","","","","552","552","K11.3	침샘의 농양"
"K11.4","K11","구강, 침샘 및 턱의 질환","K00-K14","281","primary-k00-k14","침샘의 누공","","침샘의 선천누공(Q38.4)","","Q38.4","553","554","K11.4	침샘의 누공 || 제외 : 침샘의 선천누공(Q38.4)"
"K11.5","K11","구강, 침샘 및 턱의 질환","K00-K14","282","primary-k00-k14","타석증","","","침샘 또는 침샘관의 결석 | 침샘 또는 침샘관의 돌","","555","557","K11.5	타석증 || 침샘 또는 침샘관의 결석 || 침샘 또는 침샘관의 돌"
"K11.6","K11","구강, 침샘 및 턱의 질환","K00-K14","283","primary-k00-k14","침샘의 점액류","","","침샘의: 점액유출낭 | 점액저류낭 | 두꺼비종","","558","561","K11.6	침샘의 점액류 || 침샘의: 점액유출낭 || 점액저류낭 || 두꺼비종"
"K11.7","K11","구강, 침샘 및 턱의 질환","K00-K14","284","primary-k00-k14","침분비의 장애","","마른입 NOS(R68.2)","침분비저하 | 침과다증 | 구강건조증","","562","566","K11.7	침분비의 장애 || 침분비저하 || 침과다증 || 구강건조증 || 제외 : 마른입 NOS(R68.2)"
"K11.8","K11","구강, 침샘 및 턱의 질환","K00-K14","285","primary-k00-k14","기타 침샘의 질환","","건조증후군[쉐그렌](M35.0)","침샘의 양성 림프상피병변 | 미쿨리츠병 | 괴사성 타액선화생 | 타액관확장증 | 타액관의 :	협착 | 협착 (중복이나 원문 유지)","","567","574","K11.8	기타 침샘의 질환 || 침샘의 양성 림프상피병변 || 미쿨리츠병 || 괴사성 타액선화생 || 타액관확장증 || 타액관의 :	협착 || 협착 (중복이나 원문 유지) || 제외 : 건조증후군[쉐그렌](M35.0)"
"K11.9","K11","구강, 침샘 및 턱의 질환","K00-K14","286","primary-k00-k14","상세불명의 침샘 질환","","","타액선병증 NOS","","575","576","K11.9	상세불명의 침샘 질환 || 타액선병증 NOS"
"K12","","구강, 침샘 및 턱의 질환","K00-K14","287","primary-k00-k14","구내염 및 관련 병변","","괴저성 구내염(A69.0)구순염(K13.0)헤르페스바이러스[단순헤르페스] 치은구내염(B00.2)","","K13.0","578","579","K12	구내염 및 관련 병변 || 제외 : 괴저성 구내염(A69.0)구순염(K13.0)헤르페스바이러스[단순헤르페스] 치은구내염(B00.2)"
"K12.0","K12","구강, 침샘 및 턱의 질환","K00-K14","288","primary-k00-k14","재발성 구강 아프타","","","아프타구내염(주,소) | 베드나르아프타 | 재발성 점막괴사성 선주위염 | 재발성 아프타성 궤양 | 포진모양 구내염","","580","585","K12.0	재발성 구강 아프타 || 아프타구내염(주,소) || 베드나르아프타 || 재발성 점막괴사성 선주위염 || 재발성 아프타성 궤양 || 포진모양 구내염"
"K12.1","K12","구강, 침샘 및 턱의 질환","K00-K14","289","primary-k00-k14","구내염의 기타 형태","","","구내염 :	NOS | 의치 | 궤양성 | 소수포성","","586","590","K12.1	구내염의 기타 형태 || 구내염 :	NOS || 의치 || 궤양성 || 소수포성"
"K12.2","K12","구강, 침샘 및 턱의 질환","K00-K14","290","primary-k00-k14","입의 연조직염 및 농양","","(의) 농양 :","입(바닥)의 연조직염 | 턱밑농양 | 근단주위(K04.6-K04.7) | 치주(K05.2) | 편도주위(J36) | 침샘(K11.3) | 혀(K14.0)","K04.6 | K04.7 | K05.2 | K11.3 | K14.0","591","599","K12.2	입의 연조직염 및 농양 || 입(바닥)의 연조직염 || 턱밑농양 || 제외 : (의) 농양 : || 근단주위(K04.6-K04.7) || 치주(K05.2) || 편도주위(J36) || 침샘(K11.3) || 혀(K14.0)"
"K12.3","K12","구강, 침샘 및 턱의 질환","K00-K14","291","primary-k00-k14","입점막염","","코 및 부비동의 점막염(궤양성) (J34.8)질 및 외음 점막염(궤양성)(N76.8)위장로(구강 및 입인두를 제외한)의 점막염(궤양성)(K92.8)","점막염(입의)(입인두의) :	NOS | 약물-유발 | 방사선-유발 | 바이러스성 | 외부요인의 분류를 원한다면 부가 외인분류번호(XX장)를 사용할 것.","","600","606","K12.3	입점막염 || 점막염(입의)(입인두의) :	NOS || 약물-유발 || 방사선-유발 || 바이러스성 || 외부요인의 분류를 원한다면 부가 외인분류번호(XX장)를 사용할 것. || 제외 : 코 및 부비동의 점막염(궤양성) (J34.8)질 및 외음 점막염(궤양성)(N76.8)위장로(구강 및 입인두를 제외한)의 점막염(궤양성)(K92.8)"
"K13","","구강, 침샘 및 턱의 질환","K00-K14","292","primary-k00-k14","입술 및 구강점막의 기타 질환","혀의 상피성 장애","잇몸 및 무치성 치조융기의 특정장애(K05-K06)구강 부위의 낭(K09.-)혀의 질환(K14.-)구내염 및 관련병변(K12.-)","","K05 | K06 | K09 | K14 | K12","608","610","K13	입술 및 구강점막의 기타 질환 || 포함 : 혀의 상피성 장애 || 제외 : 잇몸 및 무치성 치조융기의 특정장애(K05-K06)구강 부위의 낭(K09.-)혀의 질환(K14.-)구내염 및 관련병변(K12.-)"
"K13.0","K13","구강, 침샘 및 턱의 질환","K00-K14","293","primary-k00-k14","입술의 질환","","리보플라빈결핍(E53.0)","구순염 :	NOS | 구각 | 탈락 | 선성 | 구순통 | 구순증 | 구각미란 NEC","","611","619","K13.0	입술의 질환 || 구순염 :	NOS || 구각 || 탈락 || 선성 || 구순통 || 구순증 || 구각미란 NEC || 제외 : 리보플라빈결핍(E53.0)"
"K13.1","K13","구강, 침샘 및 턱의 질환","K00-K14","294","primary-k00-k14","볼 및 입술물림","","","","","620","620","K13.1	볼 및 입술물림"
"K13.2","K13","구강, 침샘 및 턱의 질환","K00-K14","295","primary-k00-k14","혀를 포함하는 구강상피의 백반 및 기타 장애","","모발성 백반(K13.3)","혀를 포함하는 구강상피의 홍색반 | 혀를 포함하는 구강상피의 백색부종 | 구개니코틴성 백색각화증 | 흡연자 구개","K13.3","621","626","K13.2	혀를 포함하는 구강상피의 백반 및 기타 장애 || 혀를 포함하는 구강상피의 홍색반 || 혀를 포함하는 구강상피의 백색부종 || 구개니코틴성 백색각화증 || 흡연자 구개 || 제외 : 모발성 백반(K13.3)"
"K13.3","K13","구강, 침샘 및 턱의 질환","K00-K14","296","primary-k00-k14","모발성 백반","","","","","627","627","K13.3	모발성 백반"
"K13.4","K13","구강, 침샘 및 턱의 질환","K00-K14","297","primary-k00-k14","구강점막의 육아종 및육아종-유사병변","","","구강점막의 :	호산구육아종 | 화농육아종 | 사마귀황색종","","628","631","K13.4	구강점막의 육아종 및육아종-유사병변 || 구강점막의 :	호산구육아종 || 화농육아종 || 사마귀황색종"
"K13.5","K13","구강, 침샘 및 턱의 질환","K00-K14","298","primary-k00-k14","구강점막하 섬유증","","","혀의 점막하 섬유증","","632","633","K13.5	구강점막하 섬유증 || 혀의 점막하 섬유증"
"K13.6","K13","구강, 침샘 및 턱의 질환","K00-K14","299","primary-k00-k14","구강점막의 자극성 즉식증","","무치융기의 자극성 증식증[의치에 의한 증식증] (K06.2)","","K06.2","634","635","K13.6	구강점막의 자극성 즉식증 || 제외 : 무치융기의 자극성 증식증[의치에 의한 증식증] (K06.2)"
"K13.7","K13","구강, 침샘 및 턱의 질환","K00-K14","300","primary-k00-k14","구강점막의 기타 및 상세불명의 병변","","","초점성 구강점액증","","636","637","K13.7	구강점막의 기타 및 상세불명의 병변 || 초점성 구강점액증"
"K14","","구강, 침샘 및 턱의 질환","K00-K14","301","primary-k00-k14","혀의 질환","","혀의(K13.2) :	홍색반	초점성 상피증식증	백색부종	백반모발성 백반(K13.3)대설증(선천)(Q38.2)혀의 점막하 섬유증(K13.5)","","K13.2 | K13.3 | Q38.2 | K13.5","639","640","K14	혀의 질환 || 제외 : 혀의(K13.2) :	홍색반	초점성 상피증식증	백색부종	백반모발성 백반(K13.3)대설증(선천)(Q38.2)혀의 점막하 섬유증(K13.5)"
"K14.0","K14","구강, 침샘 및 턱의 질환","K00-K14","302","primary-k00-k14","설염","","위축성 설염(K14.4)","혀의 :	농얌 | 궤양(외상성)","K14.4","641","644","K14.0	설염 || 혀의 :	농얌 || 궤양(외상성) || 제외 : 위축성 설염(K14.4)"
"K14.1","K14","구강, 침샘 및 턱의 질환","K00-K14","303","primary-k00-k14","지도모양 혀","","","양성 이동성 설염 | 탈락성 원형 설염","","645","647","K14.1	지도모양 혀 || 양성 이동성 설염 || 탈락성 원형 설염"
"K14.2","K14","구강, 침샘 및 턱의 질환","K00-K14","304","primary-k00-k14","정중능형 설염","","","","","648","648","K14.2	정중능형 설염"
"K14.3","K14","구강, 침샘 및 턱의 질환","K00-K14","305","primary-k00-k14","혀유두의 비대","","","흑모설 | 설태 | 엽상유두의 비대 | 설모증","","649","653","K14.3	혀유두의 비대 || 흑모설 || 설태 || 엽상유두의 비대 || 설모증"
"K14.4","K14","구강, 침샘 및 턱의 질환","K00-K14","306","primary-k00-k14","혀유두의 위축","","","위축성 설염","","654","655","K14.4	혀유두의 위축 || 위축성 설염"
"K14.5","K14","구강, 침샘 및 턱의 질환","K00-K14","307","primary-k00-k14","주름잡힌 혀","","선천성 열구설(Q38.3)","혀 :	열구성 | 구상 | 음낭성","Q38.3","656","660","K14.5	주름잡힌 혀 || 혀 :	열구성 || 구상 || 음낭성 || 제외 : 선천성 열구설(Q38.3)"
"K14.6","K14","구강, 침샘 및 턱의 질환","K00-K14","308","primary-k00-k14","설통","","","혀작열감 | 통증혀","","661","663","K14.6	설통 || 혀작열감 || 통증혀"
"K14.8","K14","구강, 침샘 및 턱의 질환","K00-K14","309","primary-k00-k14","혀의 기타 질환","","","혀(의) :	위축 | 톱날모양 | 확대 | 비대","","664","668","K14.8	혀의 기타 질환 || 혀(의) :	위축 || 톱날모양 || 확대 || 비대"
"K14.9","K14","구강, 침샘 및 턱의 질환","K00-K14","310","primary-k00-k14","상세불명의 혀의 질환","","","허병증 NOS","","669","670","K14.9	상세불명의 혀의 질환 || 허병증 NOS"
"M00","","관절병증","M00-M25","311","supplemental-dental-related","화농성 관절염","","","(470~4771쪽의 부분별 분류번호 중, 코드하단에 표기된 번호를 참조하여 분류할 것)","","674","675","M00	화농성 관절염 || (470~4771쪽의 부분별 분류번호 중, 코드하단에 표기된 번호를 참조하여 분류할 것)"
"M00.0","M00","관절병증","M00-M25","312","supplemental-dental-related","포도구균성 관절염 및 다발관절염","","","[0-9]","","676","677","M00.0	포도구균성 관절염 및 다발관절염 || [0-9]"
"M02","","관절병증","M00-M25","313","supplemental-dental-related","반응성관절병증","","베체트병(M35.2)류마디스열(I00)","(470~471쪽의 부분별 분류번호 중, 코드하단에 표기된 번호를 참조하여 분류할 것)","","679","681","M02	반응성관절병증 || (470~471쪽의 부분별 분류번호 중, 코드하단에 표기된 번호를 참조하여 분류할 것) || 제외 : 베체트병(M35.2)류마디스열(I00)"
"M02.3","M02","관절병증","M00-M25","314","supplemental-dental-related","라이터병","","","[0-9]","","682","683","M02.3	라이터병 || [0-9]"
"M05","","염증성 다발관절병증","M05-M14","315","supplemental-dental-related","혈청검사 양성 류마티스관절염","","류마티스열(I00)연소성 류마티스관절염(M08.-)척추(의) 류마티스 관절염(M45.-)","(470~471쪽의 부분별 분류번호 중, 코드하단에 표기된 번호를 참조하여 분류할 것)","M08","686","688","M05	혈청검사 양성 류마티스관절염 || (470~471쪽의 부분별 분류번호 중, 코드하단에 표기된 번호를 참조하여 분류할 것) || 제외 : 류마티스열(I00)연소성 류마티스관절염(M08.-)척추(의) 류마티스 관절염(M45.-)"
"M05.0","M05","염증성 다발관절병증","M05-M14","316","supplemental-dental-related","펠티증후군","","","[0-9] | 비장림프절비대 및 백혈구감소가 동반된 류마티스관절염","","689","691","M05.0 펠티증후군 || [0-9] || 비장림프절비대 및 백혈구감소가 동반된 류마티스관절염"
"M06","","염증성 다발관절병증","M05-M14","317","supplemental-dental-related","기타 류마티스관절염","","","(470~471쪽의 부분별 분류번호 중, 코드하단에 표기된 번호를 참조하여 분류할 것)","","693","694","M06	기타 류마티스관절염 || (470~471쪽의 부분별 분류번호 중, 코드하단에 표기된 번호를 참조하여 분류할 것)"
"M06.0","M06","염증성 다발관절병증","M05-M14","318","supplemental-dental-related","혈청검사 음성 류마티스관절염","","","[0-9]","","695","696","M06.0	혈청검사 음성 류마티스관절염 || [0-9]"
"M08","","염증성 다발관절병증","M05-M14","319","supplemental-dental-related","연소성 관절염","16세 이전에 발병하여 3개월 이상 지속되는 소아의 관절염","펠티증후군(M05.)연소성 피부근육염","(470~471쪽의 부위별 분류번호 중, 코드하단에 표기된 번호를 참조하여 분류할 것)","M05","698","701","M08	연소성 관절염 || (470~471쪽의 부위별 분류번호 중, 코드하단에 표기된 번호를 참조하여 분류할 것) || 포함 : 16세 이전에 발병하여 3개월 이상 지속되는 소아의 관절염 || 제외 : 펠티증후군(M05.)연소성 피부근육염"
"M08.0","M08","염증성 다발관절병증","M05-M14","320","supplemental-dental-related","연소성 류마티스관절염","","","[0-9] | 류마티스인자와 관련되거나 관련되지않는 연소성 류마티스관절염","","702","704","M08.0	연소성 류마티스관절염 || [0-9] || 류마티스인자와 관련되거나 관련되지않는 연소성 류마티스관절염"
"M12","","염증성 다발관절병증","M05-M14","321","supplemental-dental-related","기타 특이성 관절병증","","관절병증 NOS(M13.9)관절증(M15-M19)윤상피열 관절병증(J38.7)","(470~471쪽의 부위별 분류번호 중, 코드하단에 표기된 번호를 참조하여 분류할 것)","M13.9 | M15 | M19","706","708","M12	기타 특이성 관절병증 || (470~471쪽의 부위별 분류번호 중, 코드하단에 표기된 번호를 참조하여 분류할 것) || 제외 : 관절병증 NOS(M13.9)관절증(M15-M19)윤상피열 관절병증(J38.7)"
"M12.2","M12","염증성 다발관절병증","M05-M14","322","supplemental-dental-related","(착색)융모결절성 윤활막염","","","[0-9]","","709","710","M12.2	(착색)융모결절성 윤활막염 || [0-9]"
"M12.5","M12","염증성 다발관절병증","M05-M14","323","supplemental-dental-related","외상성 관절병증","","~(의) 외상후 관절증 :","[0-9] | NOS(M19.1) | 제1수근중수관절(M18.2-M18.3) | 고관절(M16.4-M16.5) | 무릎(M17.2-M17.3) | 기타 단일관절(M19.1)","","711","718","M12.5	외상성 관절병증 || [0-9] || 제외 : ~(의) 외상후 관절증 : || NOS(M19.1) || 제1수근중수관절(M18.2-M18.3) || 고관절(M16.4-M16.5) || 무릎(M17.2-M17.3) || 기타 단일관절(M19.1)"
"M13","","염증성 다발관절병증","M05-M14","324","supplemental-dental-related","기타 관절염","","관절증(M15-M19)","(470~471쪽의 부위별 분류번호 중, 코드하단에 표기된 번호를 참조하여 분류할 것)","M15 | M19","720","722","M13	기타 관절염 || (470~471쪽의 부위별 분류번호 중, 코드하단에 표기된 번호를 참조하여 분류할 것) || 제외 : 관절증(M15-M19)"
"M13.9","M13","염증성 다발관절병증","M05-M14","325","supplemental-dental-related","상세불명의 관절염","","","[0-9] | 관절병증 NOS","","723","725","M13.9	상세불명의 관절염 || [0-9] || 관절병증 NOS"
"M15","","보존된 관절증 관련 코드","M15-M19","326","supplemental-dental-related","다발관절증","한 부위 이상의 언급이 있는 관절증","단일 관절의 양쪽 침범(M16-M19)","","M19","727","729","M15	다발관절증 || 포함 : 한 부위 이상의 언급이 있는 관절증 || 제외 : 단일 관절의 양쪽 침범(M16-M19)"
"M15.0","M15","보존된 관절증 관련 코드","M15-M19","327","supplemental-dental-related","일차성 전신(골)관절증","","","","","730","730","M15.0	일차성 전신(골)관절증"
"M15.1","M15","보존된 관절증 관련 코드","M15-M19","328","supplemental-dental-related","(관절병증을 동반한) 헤베르덴결절","","","","","731","731","M15.1	(관절병증을 동반한) 헤베르덴결절"
"M15.2","M15","보존된 관절증 관련 코드","M15-M19","329","supplemental-dental-related","(관절병증을 동반한) 부샤르결절","","","","","732","732","M15.2	(관절병증을 동반한) 부샤르결절"
"M15.3","M15","보존된 관절증 관련 코드","M15-M19","330","supplemental-dental-related","이차성 다발관절증","","","외상후 다발관절증","","733","734","M15.3	이차성 다발관절증 || 외상후 다발관절증"
"M15.4","M15","보존된 관절증 관련 코드","M15-M19","331","supplemental-dental-related","미란성 (골)관절증","","","","","735","735","M15.4	미란성 (골)관절증"
"M15.8","M15","보존된 관절증 관련 코드","M15-M19","332","supplemental-dental-related","기타 다발관절증","","","","","736","736","M15.8	기타 다발관절증"
"M15.9","M15","보존된 관절증 관련 코드","M15-M19","333","supplemental-dental-related","상세불명의 다발관절증","","","전신골관절염 NOS","","737","738","M15.9	상세불명의 다발관절증 || 전신골관절염 NOS"
"M19","","보존된 관절증 관련 코드","M15-M19","334","supplemental-dental-related","기타관절증","","척추의 골관절증(M47.-)엄지발가락굳음(M20.2)다발관절증(M15.-)","(470~471쪽의 부위별 분류번호 중, 코드하단에 표기된 번호를 참조하여 분류할 것)","M15","740","742","M19	기타관절증 || (470~471쪽의 부위별 분류번호 중, 코드하단에 표기된 번호를 참조하여 분류할 것) || 제외 : 척추의 골관절증(M47.-)엄지발가락굳음(M20.2)다발관절증(M15.-)"
"M19.0","M19","보존된 관절증 관련 코드","M15-M19","335","supplemental-dental-related","기타 관절의 일차성 관절증","","","[0-9] | 일차성 관절증 NOS","","743","745","M19.0	기타 관절의 일차성 관절증 || [0-9] || 일차성 관절증 NOS"
"M61","","보존된 근육·연조직 관련 코드","M60-M79","336","supplemental-dental-related","근육의 석회화 및 골화","","","(470~471쪽의 부위별 분류번호 중, 코드하단에 표기된 번호를 참조하여 분류할 것)","","747","748","M61	근육의 석회화 및 골화 || (470~471쪽의 부위별 분류번호 중, 코드하단에 표기된 번호를 참조하여 분류할 것)"
"M61.0","M61","보존된 근육·연조직 관련 코드","M60-M79","337","supplemental-dental-related","외상성 골화근육염","","","[0-9]","","749","750","M61.0	외상성 골화근육염 || [0-9]"
"M62","","보존된 근육·연조직 관련 코드","M60-M79","338","supplemental-dental-related","기타근육장애","","경련 및 연축(R25.2)근통(M79.1)알코올성 근병증(G72.1)약물유발성 근병증(G72.0)강직인간증후군(G25.8)","(470~471쪽의 부위별 분류번호 중, 코드하단에 표기된 번호를 참조하여 분류할 것)","M79.1","752","754","M62	기타근육장애 || (470~471쪽의 부위별 분류번호 중, 코드하단에 표기된 번호를 참조하여 분류할 것) || 제외 : 경련 및 연축(R25.2)근통(M79.1)알코올성 근병증(G72.1)약물유발성 근병증(G72.0)강직인간증후군(G25.8)"
"M62.0","M62","보존된 근육·연조직 관련 코드","M60-M79","339","supplemental-dental-related","근육의 분리","","","[0-9]","","755","756","M62.0 근육의 분리 || [0-9]"
"M79","","보존된 근육·연조직 관련 코드","M60-M79","340","supplemental-dental-related","달리 분류되지 않은 기타 연조직 장애","","심인성 연조직통증(F45.4)","(470~471쪽의 부위별 분류번호 중, 코드하단에 표기된 번호를 참조하여 분류할 것)","","758","760","M79	달리 분류되지 않은 기타 연조직 장애 || (470~471쪽의 부위별 분류번호 중, 코드하단에 표기된 번호를 참조하여 분류할 것) || 제외 : 심인성 연조직통증(F45.4)"
"M79.0","M79","보존된 근육·연조직 관련 코드","M60-M79","341","supplemental-dental-related","상세불명의 류마티스","","재발성 류마티스(M12.3)섬유근통(M79.7)","[0-9]","","761","763","M79.0	상세불명의 류마티스 || [0-9] || 제외 : 재발성 류마티스(M12.3)섬유근통(M79.7)"
"M79.1","M79","보존된 근육·연조직 관련 코드","M60-M79","342","supplemental-dental-related","근통","","근육염(M60.-)","5번째 자리는 부위별 세분류를 기재","","764","766","M79.1	근통 || 주 : 5번째 자리는 부위별 세분류를 기재 || 제외 : 근육염(M60.-)"
"M79.1_0","M79.1","보존된 근육·연조직 관련 코드","M60-M79","343","supplemental-dental-related","근막통증후군","","","[0-9]","","767","768","M79.1_0	근막통증후군 || [0-9]"
"M79.1_8","M79.1","보존된 근육·연조직 관련 코드","M60-M79","344","supplemental-dental-related","기타 근통","","","[0-9]","","769","770","M79.1_8	기타 근통 || [0-9]"
"M79.2","M79","보존된 근육·연조직 관련 코드","M60-M79","345","supplemental-dental-related","상세불명의 신경통 및 신경염","","단발신경병증(G56-G58)신경뿌리염(M54.1)","[0-9] | NOS | 팔 NOS | 요전수 NOS | 좌골신경통(M54.3-M54.4)","","771","777","M79.2	상세불명의 신경통 및 신경염 || [0-9] || 제외 : 단발신경병증(G56-G58)신경뿌리염(M54.1) || NOS || 팔 NOS || 요전수 NOS || 좌골신경통(M54.3-M54.4)"
"Q35","","구순열 및 구개열","Q35-Q37","346","supplemental-dental-related","구개열","구개의 열구","구순열을 동반한 구개열(Q37.-)","구개열","Q37","783","786","Q35	구개열 || 포함 : 구개의 열구 || 구개열 || 제외 : 구순열을 동반한 구개열(Q37.-)"
"Q35.1","Q35","구순열 및 구개열","Q35-Q37","347","supplemental-dental-related","경구개열","","","","","787","787","Q35.1	경구개열"
"Q35.3","Q35","구순열 및 구개열","Q35-Q37","348","supplemental-dental-related","연구개열","","","","","788","788","Q35.3	연구개열"
"Q35.5","Q35","구순열 및 구개열","Q35-Q37","349","supplemental-dental-related","경구개열 및 연구개열","","","","","789","789","Q35.5	경구개열 및 연구개열"
"Q35.7","Q35","구순열 및 구개열","Q35-Q37","350","supplemental-dental-related","구개수열","","","","","790","790","Q35.7	구개수열"
"Q35.9","Q35","구순열 및 구개열","Q35-Q37","351","supplemental-dental-related","상세불명의 구개열","","","구개열 NOS","","791","792","Q35.9	상세불명의 구개열 || 구개열 NOS"
"Q36","","구순열 및 구개열","Q35-Q37","352","supplemental-dental-related","구순열","구순파열","구개열을 동반한 구순열(Q37.-)","입술의 선천열구 | 언청이","Q37","794","798","Q36	구순열 || 포함 : 구순파열 || 입술의 선천열구 || 언청이 || 제외 : 구개열을 동반한 구순열(Q37.-)"
"Q36.0","Q36","구순열 및 구개열","Q35-Q37","353","supplemental-dental-related","양쪽 구순열","","","","","799","799","Q36.0	양쪽 구순열"
"Q36.1","Q36","구순열 및 구개열","Q35-Q37","354","supplemental-dental-related","정중 구순열","","","","","800","800","Q36.1	정중 구순열"
"Q36.9","Q36","구순열 및 구개열","Q35-Q37","355","supplemental-dental-related","한쪽 구순열","","","구순열 NOS","","801","802","Q36.9	한쪽 구순열 || 구순열 NOS"
"Q37","","구순열 및 구개열","Q35-Q37","356","supplemental-dental-related","구순열을 동반한 구개열","","","","","804","804","Q37	구순열을 동반한 구개열"
"Q37.0","Q37","구순열 및 구개열","Q35-Q37","357","supplemental-dental-related","양쪽 구순열을 동반한 경구개열","","","","","805","805","Q37.0	양쪽 구순열을 동반한 경구개열"
"Q37.1","Q37","구순열 및 구개열","Q35-Q37","358","supplemental-dental-related","한쪽 구순열을 동반한 경구개열","","","구순열을 동반한 경구개열 NOS","","806","807","Q37.1	한쪽 구순열을 동반한 경구개열 || 구순열을 동반한 경구개열 NOS"
"Q37.2","Q37","구순열 및 구개열","Q35-Q37","359","supplemental-dental-related","양쪽 구순열을 동반한 연구개열","","","","","808","808","Q37.2	양쪽 구순열을 동반한 연구개열"
"Q37.3","Q37","구순열 및 구개열","Q35-Q37","360","supplemental-dental-related","한쪽 구순열을 동반한 연구개열","","","구순열을 동반한 연구개열 NOS","","809","810","Q37.3	한쪽 구순열을 동반한 연구개열 || 구순열을 동반한 연구개열 NOS"
"Q37.4","Q37","구순열 및 구개열","Q35-Q37","361","supplemental-dental-related","양쪽 구순열을 동반한 경구개열 및 연구개열","","","","","811","811","Q37.4	양쪽 구순열을 동반한 경구개열 및 연구개열"
"Q37.5","Q37","구순열 및 구개열","Q35-Q37","362","supplemental-dental-related","한쪽 구순열을 동반한 경구개열 및 연구개열","","","구순열을 동반한 경구개열 및 연구개열 NOS","","812","813","Q37.5	한쪽 구순열을 동반한 경구개열 및 연구개열 || 구순열을 동반한 경구개열 및 연구개열 NOS"
"Q37.8","Q37","구순열 및 구개열","Q35-Q37","363","supplemental-dental-related","상세불명의 양쪽 구순열을 동반한 구개열","","","","","814","814","Q37.8	상세불명의 양쪽 구순열을 동반한 구개열"
"Q37.9","Q37","구순열 및 구개열","Q35-Q37","364","supplemental-dental-related","상세불명의 한쪽 구순열을 동반한 구개열","","","구순열을 동반한 구개열 NOS","","815","816","Q37.9	상세불명의 한쪽 구순열을 동반한 구개열 || 구순열을 동반한 구개열 NOS"
"Q38","","소화계통의 기타 선천기형","Q38-Q45","365","supplemental-dental-related","혀, 입 및 인두의 기타 선천기형","","대구증(Q18.4)","소구증(Q18.5)","","819","821","Q38	혀, 입 및 인두의 기타 선천기형 || 제외 : 대구증(Q18.4) || 소구증(Q18.5)"
"Q38.0","Q38","소화계통의 기타 선천기형","Q38-Q45","366","supplemental-dental-related","달리 분류되지 않은 입술의 선천기형","","구순열(Q36.-)구개열을 동반한 구순열(Q37.-)대순증(Q18.6)소순증(Q18.7)","","Q36 | Q37","822","823","Q38.0	달리 분류되지 않은 입술의 선천기형 || 제외 : 구순열(Q36.-)구개열을 동반한 구순열(Q37.-)대순증(Q18.6)소순증(Q18.7)"
"Q38.00","Q38.0","소화계통의 기타 선천기형","Q38-Q45","367","supplemental-dental-related","비정상 구순소대","","","","","824","824","Q38.00	비정상 구순소대"
"Q38.08","Q38.0","소화계통의 기타 선천기형","Q38-Q45","368","supplemental-dental-related","달리 분류되지 않은 입술의 기타선천기형","","","입술의 선천누공 | 입술의 선천기형 NOS | 반데르보우데증후군","","825","828","Q38.08	달리 분류되지 않은 입술의 기타선천기형 || 입술의 선천누공 || 입술의 선천기형 NOS || 반데르보우데증후군"
"Q38.1","Q38","소화계통의 기타 선천기형","Q38-Q45","369","supplemental-dental-related","설유착증","","","혀유착","","829","830","Q38.1	설유착증 || 혀유착"
"Q38.2","Q38","소화계통의 기타 선천기형","Q38-Q45","370","supplemental-dental-related","대설증","","","","","831","831","Q38.2	대설증"
"Q38.3","Q38","소화계통의 기타 선천기형","Q38-Q45","371","supplemental-dental-related","혀의 기타 선천기형","","","무설증 | 이분혀 | 혀의 :	선천유착 | 선천열구 | 선천기형 NOS | 혀형성저하 | 혀의 형성저하 | 소설증","","832","840","Q38.3	혀의 기타 선천기형 || 무설증 || 이분혀 || 혀의 :	선천유착 || 선천열구 || 선천기형 NOS || 혀형성저하 || 혀의 형성저하 || 소설증"
"Q38.4","Q38","소화계통의 기타 선천기형","Q38-Q45","372","supplemental-dental-related","침샘 및 관의 선천기형","","","침샘 또는 관(의) :	결여 | 부 | 폐쇄 | 침샘의 선천누공","","841","845","Q38.4	침샘 및 관의 선천기형 || 침샘 또는 관(의) :	결여 || 부 || 폐쇄 || 침샘의 선천누공"
"Q38.5","Q38","소화계통의 기타 선천기형","Q38-Q45","373","supplemental-dental-related","달리 분류되지 않은 구개의 선천기형","","구개열(Q35.-)구순열을 동반한 구개열(Q37.-)","목젖 결여 | 구개의 선천기형 NOS | 높은 구개공","Q35 | Q37","846","850","Q38.5	달리 분류되지 않은 구개의 선천기형 || 목젖 결여 || 구개의 선천기형 NOS || 높은 구개공 || 제외 : 구개열(Q35.-)구순열을 동반한 구개열(Q37.-)"
"Q38.6","Q38","소화계통의 기타 선천기형","Q38-Q45","374","supplemental-dental-related","입의 기타 선천기형","","","입의 선천기형 NOS","","851","852","Q38.6	입의 기타 선천기형 || 입의 선천기형 NOS"
"Q38.7","Q38","소화계통의 기타 선천기형","Q38-Q45","375","supplemental-dental-related","인두와","","인두와증후군(D82.1)","인두의 게실","","853","855","Q38.7	인두와 || 인두의 게실 || 제외 : 인두와증후군(D82.1)"
"Q38.8","Q38","소화계통의 기타 선천기형","Q38-Q45","376","supplemental-dental-related","인두의 기타 선천기형","","","","","856","856","Q38.8	인두의 기타 선천기형"
"Q38.80","Q38.8","소화계통의 기타 선천기형","Q38-Q45","377","supplemental-dental-related","구개인두부전","","","","","857","857","Q38.80	구개인두부전"
"Q38.88","Q38.8","소화계통의 기타 선천기형","Q38-Q45","378","supplemental-dental-related","인두의 기타 선천기형","","","","","858","858","Q38.88	인두의 기타 선천기형"
"S00","","보존된 외상·장치 관련 코드","S00-T98","379","supplemental-dental-related","머리의 표재성 손상","","뇌타박상(미만성)(S06.2)초점성 뇌타박상(S06.3)눈 및 안와의 손상(S05.-)","(716쪽의 형태별 분류번호 중, 코드 하단에 표기된 번호를 참조하여 분류할 것)","","860","862","S00	머리의 표재성 손상 || (716쪽의 형태별 분류번호 중, 코드 하단에 표기된 번호를 참조하여 분류할 것) || 제외 : 뇌타박상(미만성)(S06.2)초점성 뇌타박상(S06.3)눈 및 안와의 손상(S05.-)"
"S00.5","S00","보존된 외상·장치 관련 코드","S00-T98","380","supplemental-dental-related","입술 및 구강의 표재성 손상","","","[0-9]","","863","864","S00.5	입술 및 구강의 표재성 손상 || [0-9]"
"S00.7","S00","보존된 외상·장치 관련 코드","S00-T98","381","supplemental-dental-related","머리의 다발성 표재성 손상","","","","","865","865","S00.7	머리의 다발성 표재성 손상"
"S00.8","S00","보존된 외상·장치 관련 코드","S00-T98","382","supplemental-dental-related","기타 머리 부분의 표재성 손상","","","[0-9] | 볼 | 턱 | 얼굴 NOS | 이마 NOS | 관자놀이","","866","872","S00.8	기타 머리 부분의 표재성 손상 || [0-9] || 볼 || 턱 || 얼굴 NOS || 이마 NOS || 관자놀이"
"S01","","보존된 외상·장치 관련 코드","S00-T98","383","supplemental-dental-related","머리의 열린 상처","","태아 머리제거(S18)눈 및 안와의 손상(S05.-)머리 부분의 외상성 절단(S08.-)","","","874","875","S01	머리의 열린 상처 || 제외 : 태아 머리제거(S18)눈 및 안와의 손상(S05.-)머리 부분의 외상성 절단(S08.-)"
"S01.4","S01","보존된 외상·장치 관련 코드","S00-T98","384","supplemental-dental-related","볼 및 측두하악부의 열린 상처","","","","","876","876","S01.4	볼 및 측두하악부의 열린 상처"
"S01.40","S01.4","보존된 외상·장치 관련 코드","S00-T98","385","supplemental-dental-related","볼의 열린 상처","","","","","877","877","S01.40	볼의 열린 상처"
"S01.41","S01.4","보존된 외상·장치 관련 코드","S00-T98","386","supplemental-dental-related","상악부의 열린 상처","","","위턱부위","","878","879","S01.41	상악부의 열린 상처 || 위턱부위"
"S01.42","S01.4","보존된 외상·장치 관련 코드","S00-T98","387","supplemental-dental-related","하악부의 열린 상처","","","아래턱부위","","880","881","S01.42	하악부의 열린 상처 || 아래턱부위"
"S01.48","S01.4","보존된 외상·장치 관련 코드","S00-T98","388","supplemental-dental-related","볼 및 측두하악부 영역의 기타 및 여러 부위의 열린 상처","","","","","882","882","S01.48	볼 및 측두하악부 영역의 기타 및 여러 부위의 열린 상처"
"S01.5","S01","보존된 외상·장치 관련 코드","S00-T98","389","supplemental-dental-related","입술 및 구강의 열린 상처","","치아의 탈구(S03.2)치아의 파절(S02.5)","","S03.2 | S02.5","883","884","S01.5	입술 및 구강의 열린 상처 || 제외 : 치아의 탈구(S03.2)치아의 파절(S02.5)"
"S01.50","S01.5","보존된 외상·장치 관련 코드","S00-T98","390","supplemental-dental-related","입술의 열린 상처","","","","","885","885","S01.50	입술의 열린 상처"
"S01.51","S01.5","보존된 외상·장치 관련 코드","S00-T98","391","supplemental-dental-related","볼점막의 열린 상처","","","볼(내부의)","","886","887","S01.51	볼점막의 열린 상처 || 볼(내부의)"
"S01.52","S01.5","보존된 외상·장치 관련 코드","S00-T98","392","supplemental-dental-related","잇몸(치조돌기)의 열린 상처","","","","","888","888","S01.52	잇몸(치조돌기)의 열린 상처"
"S01.53","S01.5","보존된 외상·장치 관련 코드","S00-T98","393","supplemental-dental-related","혀와 입바닥의 열린 상처","","","","","889","889","S01.53	혀와 입바닥의 열린 상처"
"S01.54","S01.5","보존된 외상·장치 관련 코드","S00-T98","394","supplemental-dental-related","구개의 열린 상처","","","","","890","890","S01.54	구개의 열린 상처"
"S01.58","S01.5","보존된 외상·장치 관련 코드","S00-T98","395","supplemental-dental-related","입술 및 구강의 기타 및 여러 부분의 열린 상처","","","","","891","891","S01.58	입술 및 구강의 기타 및 여러 부분의 열린 상처"
"S01.59","S01.5","보존된 외상·장치 관련 코드","S00-T98","396","supplemental-dental-related","상세불명의 입술 및 구강 부분의 열린 상처","","","","","892","892","S01.59	상세불명의 입술 및 구강 부분의 열린 상처"
"S01.7","S01","보존된 외상·장치 관련 코드","S00-T98","397","supplemental-dental-related","머리의 다발성 열린 상처","","","","","893","893","S01.7	머리의 다발성 열린 상처"
"S01.8","S01","보존된 외상·장치 관련 코드","S00-T98","398","supplemental-dental-related","기타 머리 부분의 열린 상처","","","","","894","894","S01.8	기타 머리 부분의 열린 상처"
"S01.9","S01","보존된 외상·장치 관련 코드","S00-T98","399","supplemental-dental-related","상세불명의 머리 부분의 열린 상처","","","","","895","895","S01.9	상세불명의 머리 부분의 열린 상처"
"S02","","보존된 외상·장치 관련 코드","S00-T98","400","supplemental-dental-related","두개골 및 안면골의 골절","","","머리내 손상과 연관된 두개골 및 안면골 골절의 일차분류를 위해서는 제 Ⅱ권에 안내된 질병이환 및 사망분류준칙을 참조할 것.다음의 세세분류는 골절 및 열린 상처를 다분류하는 것이 불가능하거나 바람직하지 않은 경우, 보조 분류번호로 임의로 선택하여 사용할 수 있다. 폐쇄성 또는 개방성으로 명시되지 않은 골절은 폐쇄성으로 분류해야 한다.0 폐쇄성1 개방성","","897","898","S02	두개골 및 안면골의 골절 || 주 : 머리내 손상과 연관된 두개골 및 안면골 골절의 일차분류를 위해서는 제 Ⅱ권에 안내된 질병이환 및 사망분류준칙을 참조할 것.다음의 세세분류는 골절 및 열린 상처를 다분류하는 것이 불가능하거나 바람직하지 않은 경우, 보조 분류번호로 임의로 선택하여 사용할 수 있다. 폐쇄성 또는 개방성으로 명시되지 않은 골절은 폐쇄성으로 분류해야 한다.0 폐쇄성1 개방성"
"S02.4","S02","보존된 외상·장치 관련 코드","S00-T98","401","supplemental-dental-related","광대뼈 및 상악골의 골절","","","","","899","899","S02.4	광대뼈 및 상악골의 골절"
"S02.42","S02.4","보존된 외상·장치 관련 코드","S00-T98","402","supplemental-dental-related","르포트 1","","","","","900","900","S02.42	르포트 1"
"S02.43","S02.4","보존된 외상·장치 관련 코드","S00-T98","403","supplemental-dental-related","르포트 2","","","","","901","901","S02.43	르포트 2"
"S02.44","S02.4","보존된 외상·장치 관련 코드","S00-T98","404","supplemental-dental-related","복합 중안면","","","","","902","902","S02.44	복합 중안면"
"S02.45","S02.4","보존된 외상·장치 관련 코드","S00-T98","405","supplemental-dental-related","한쪽 르포트 3","","","","","903","903","S02.45	한쪽 르포트 3"
"S02.46","S02.4","보존된 외상·장치 관련 코드","S00-T98","406","supplemental-dental-related","양쪽 르포트 3","","","","","904","904","S02.46	양쪽 르포트 3"
"S02.47","S02.4","보존된 외상·장치 관련 코드","S00-T98","407","supplemental-dental-related","관골궁","","","","","905","905","S02.47	관골궁"
"S02.48","S02.4","보존된 외상·장치 관련 코드","S00-T98","408","supplemental-dental-related","기타 광대뼈 및 상악골의 골절","","","","","906","906","S02.48	기타 광대뼈 및 상악골의 골절"
"S02.49","S02.4","보존된 외상·장치 관련 코드","S00-T98","409","supplemental-dental-related","상세불명의 광대뼈 및 상악골의 골절","","","","","907","907","S02.49	상세불명의 광대뼈 및 상악골의 골절"
"S02.5","S02","보존된 외상·장치 관련 코드","S00-T98","410","supplemental-dental-related","치아의 파절","","","파절치","","908","909","S02.5	치아의 파절 || 파절치"
"S02.52","S02.5","보존된 외상·장치 관련 코드","S00-T98","411","supplemental-dental-related","법랑질만의 파절","","","","","910","910","S02.52	법랑질만의 파절"
"S02.53","S02.5","보존된 외상·장치 관련 코드","S00-T98","412","supplemental-dental-related","치수 침범이 없는 치관 파절","","","","","911","911","S02.53	치수 침범이 없는 치관 파절"
"S02.54","S02.5","보존된 외상·장치 관련 코드","S00-T98","413","supplemental-dental-related","치수 침범이 있는 치관 파절","","","","","912","912","S02.54	치수 침범이 있는 치관 파절"
"S02.55","S02.5","보존된 외상·장치 관련 코드","S00-T98","414","supplemental-dental-related","치근 파절","","","","","913","913","S02.55	치근 파절"
"S02.56","S02.5","보존된 외상·장치 관련 코드","S00-T98","415","supplemental-dental-related","치관-치근 파절","","","","","914","914","S02.56	치관-치근 파절"
"S02.57","S02.5","보존된 외상·장치 관련 코드","S00-T98","416","supplemental-dental-related","치아의 다발성 파절","","","","","915","915","S02.57	치아의 다발성 파절"
"S02.59","S02.5","보존된 외상·장치 관련 코드","S00-T98","417","supplemental-dental-related","상세불명의 치아의 파절","","","","","916","916","S02.59	상세불명의 치아의 파절"
"S02.6","S02","보존된 외상·장치 관련 코드","S00-T98","418","supplemental-dental-related","하악골의 골절","","","아래턱뼈","","917","918","S02.6	하악골의 골절 || 아래턱뼈"
"S02.62","S02.6","보존된 외상·장치 관련 코드","S00-T98","419","supplemental-dental-related","관절돌기의 골절","","","","","919","919","S02.62	관절돌기의 골절"
"S02.63","S02.6","보존된 외상·장치 관련 코드","S00-T98","420","supplemental-dental-related","아래관절돌기의 골절","","","","","920","920","S02.63	아래관절돌기의 골절"
"S02.64","S02.6","보존된 외상·장치 관련 코드","S00-T98","421","supplemental-dental-related","갈고리돌기의 골절","","","","","921","921","S02.64	갈고리돌기의 골절"
"S02.65","S02.6","보존된 외상·장치 관련 코드","S00-T98","422","supplemental-dental-related","가지의 골절","","","","","922","922","S02.65	가지의 골절"
"S02.66","S02.6","보존된 외상·장치 관련 코드","S00-T98","423","supplemental-dental-related","각의 골절","","","","","923","923","S02.66	각의 골절"
"S02.67","S02.6","보존된 외상·장치 관련 코드","S00-T98","424","supplemental-dental-related","결합부위의 골절","","","","","924","924","S02.67	결합부위의 골절"
"S02.68","S02.6","보존된 외상·장치 관련 코드","S00-T98","425","supplemental-dental-related","기타 하악골 부위의 골절","","","","","925","925","S02.68	기타 하악골 부위의 골절"
"S02.69","S02.6","보존된 외상·장치 관련 코드","S00-T98","426","supplemental-dental-related","상세불명 부위의 하악골의 골절","","","","","926","926","S02.69	상세불명 부위의 하악골의 골절"
"S02.7","S02","보존된 외상·장치 관련 코드","S00-T98","427","supplemental-dental-related","두개골 및 안면골을 침범하는 다발 골절","","","","","927","927","S02.7	두개골 및 안면골을 침범하는 다발 골절"
"S02.72","S02.7","보존된 외상·장치 관련 코드","S00-T98","428","supplemental-dental-related","비안와-사골의 골절","","","","","928","928","S02.72	비안와-사골의 골절"
"S02.78","S02.7","보존된 외상·장치 관련 코드","S00-T98","429","supplemental-dental-related","두개골 및 안면골을 침범하는 기타 다발골절","","","","","929","929","S02.78	두개골 및 안면골을 침범하는 기타 다발골절"
"S02.8","S02","보존된 외상·장치 관련 코드","S00-T98","430","supplemental-dental-related","기타 두개골 및 안면골의 골절","","안와바닥(S02.3)안와천장(S02.1)","","","930","931","S02.8	기타 두개골 및 안면골의 골절 || 제외 : 안와바닥(S02.3)안와천장(S02.1)"
"S02.82","S02.8","보존된 외상·장치 관련 코드","S00-T98","431","supplemental-dental-related","치조골의 골절","","","","","932","932","S02.82	치조골의 골절"
"S02.83","S02.8","보존된 외상·장치 관련 코드","S00-T98","432","supplemental-dental-related","경구개의 골절","","","구개","","933","934","S02.83	경구개의 골절 || 구개"
"S02.84","S02.8","보존된 외상·장치 관련 코드","S00-T98","433","supplemental-dental-related","안와 내벽의 골절","","","안와 NOS","","935","936","S02.84	안와 내벽의 골절 || 안와 NOS"
"S02.88","S02.8","보존된 외상·장치 관련 코드","S00-T98","434","supplemental-dental-related","기타 및 상세불명의 두개골 및 안면골의 골절","","","","","937","937","S02.88	기타 및 상세불명의 두개골 및 안면골의 골절"
"S02.9","S02","보존된 외상·장치 관련 코드","S00-T98","435","supplemental-dental-related","상세불명의 두개골 및 안면골 부분의 골절","","","","","938","938","S02.9	상세불명의 두개골 및 안면골 부분의 골절"
"S03","","보존된 외상·장치 관련 코드","S00-T98","436","supplemental-dental-related","머리의 관절 및 인대의 탈구, 염좌 및 긴장","","","","","940","940","S03	머리의 관절 및 인대의 탈구, 염좌 및 긴장"
"S03.0","S03","보존된 외상·장치 관련 코드","S00-T98","437","supplemental-dental-related","턱의 탈구","","","턱(연골, 반달연골) | 하악 | 측두하악(관절)","","941","944","S03.0	턱의 탈구 || 턱(연골, 반달연골) || 하악 || 측두하악(관절)"
"S03.1","S03","보존된 외상·장치 관련 코드","S00-T98","438","supplemental-dental-related","코의 중격연골의 탈구","","","","","945","945","S03.1	코의 중격연골의 탈구"
"S03.2","S03","보존된 외상·장치 관련 코드","S00-T98","439","supplemental-dental-related","치아의 탈구","","","","","946","946","S03.2	치아의 탈구"
"S03.20","S03.2","보존된 외상·장치 관련 코드","S00-T98","440","supplemental-dental-related","치아의 이탈구","","","","","947","947","S03.20	치아의 이탈구"
"S03.21","S03.2","보존된 외상·장치 관련 코드","S00-T98","441","supplemental-dental-related","치아의 함입 또는 정출","","","","","948","948","S03.21 치아의 함입 또는 정출"
"S03.22","S03.2","보존된 외상·장치 관련 코드","S00-T98","442","supplemental-dental-related","완전탈구","","","","","949","949","S03.22	완전탈구"
"S03.29","S03.2","보존된 외상·장치 관련 코드","S00-T98","443","supplemental-dental-related","상세불명의 치아의 탈구","","","","","950","950","S03.29	상세불명의 치아의 탈구"
"S03.3","S03","보존된 외상·장치 관련 코드","S00-T98","444","supplemental-dental-related","기타 및 상세불명의 머리 부분의 탈구","","","","","951","951","S03.3	기타 및 상세불명의 머리 부분의 탈구"
"S03.4","S03","보존된 외상·장치 관련 코드","S00-T98","445","supplemental-dental-related","턱의 염좌 및 긴장","","","측두하악(관절, 인대)","","952","953","S03.4	턱의 염좌 및 긴장 || 측두하악(관절, 인대)"
"S03.5","S03","보존된 외상·장치 관련 코드","S00-T98","446","supplemental-dental-related","기타 및 상세불명의 머리 부분의 관절 및 인대의 염좌 및 긴장","","","","","954","954","S03.5	기타 및 상세불명의 머리 부분의 관절 및 인대의 염좌 및 긴장"
"T85","","보존된 외상·장치 관련 코드","S00-T98","447","supplemental-dental-related","기타 내부 인공삽입장치, 삽입물 및 이식편의 합병증","","기관 및 조직의 이식 실패 및 거부(T86.-)","","","956","957","T85	기타 내부 인공삽입장치, 삽입물 및 이식편의 합병증 || 제외 : 기관 및 조직의 이식 실패 및 거부(T86.-)"
"T85.6","T85","보존된 외상·장치 관련 코드","S00-T98","448","supplemental-dental-related","기타 명시된 내부 인공삽입장치, 삽입물 및 이식편의 기계적 합병증","","뼈복원의 영구적(철사)봉합의 기계적 합병증 (T84.1-T84.2)","치과보찰물의 파절 및 상실 | ~에 의한 T82.0에 나열된 병태 : | 경막상 및 경막하 주입 카테터 | 복강내 투석카테터 | 비흡수성 외과적 재료 NOS | 영구봉합","","958","965","T85.6	기타 명시된 내부 인공삽입장치, 삽입물 및 이식편의 기계적 합병증 || 치과보찰물의 파절 및 상실 || ~에 의한 T82.0에 나열된 병태 : || 경막상 및 경막하 주입 카테터 || 복강내 투석카테터 || 비흡수성 외과적 재료 NOS || 영구봉합 || 제외 : 뼈복원의 영구적(철사)봉합의 기계적 합병증 (T84.1-T84.2)"
"Z13","","보존된 보철·장치·예방 관련 코드","Z00-Z99","449","supplemental-dental-related","기타 질환 및 장애에 대한 특수 선별검사","","","","","967","967","Z13	기타 질환 및 장애에 대한 특수 선별검사"
"Z13.8","Z13","보존된 보철·장치·예방 관련 코드","Z00-Z99","450","supplemental-dental-related","기타 명시된 질환 및 장애에 대한 특수 선별검사","","당뇨병(Z13.1)","치아 장애 | 내분비 및 대사 장애","","968","971","Z13.8	기타 명시된 질환 및 장애에 대한 특수 선별검사 || 치아 장애 || 내분비 및 대사 장애 || 제외 : 당뇨병(Z13.1)"
"Z29","","보존된 보철·장치·예방 관련 코드","Z00-Z99","451","supplemental-dental-related","기타 예방적 조치의 필요","","예방적 외과수술(Z40.-)알레르기 향원에 대한 탈민감(Z51.6)","","","973","974","Z29	기타 예방적 조치의 필요 || 제외 : 예방적 외과수술(Z40.-)알레르기 향원에 대한 탈민감(Z51.6)"
"Z29.0","Z29","보존된 보철·장치·예방 관련 코드","Z00-Z99","452","supplemental-dental-related","격리","","","외부환경으로부터 개인을 보호하거나 감염성질환에 접촉한 사람을 격리시키기 위한 입원","","975","976","Z29.0	격리 || 외부환경으로부터 개인을 보호하거나 감염성질환에 접촉한 사람을 격리시키기 위한 입원"
"Z29.1","Z29","보존된 보철·장치·예방 관련 코드","Z00-Z99","453","supplemental-dental-related","예방적 면역요법","","","면역혈청의 주입","","977","978","Z29.1	예방적 면역요법 || 면역혈청의 주입"
"Z29.2","Z29","보존된 보철·장치·예방 관련 코드","Z00-Z99","454","supplemental-dental-related","기타 예방적 화학요법","","","화학예방법 | 예방적 항생요법","","979","981","Z29.2	기타 예방적 화학요법 || 화학예방법 || 예방적 항생요법"
"Z29.8","Z29","보존된 보철·장치·예방 관련 코드","Z00-Z99","455","supplemental-dental-related","기타 명시된 예방적 조치","","","","","982","982","Z29.8	기타 명시된 예방적 조치"
"Z29.9","Z29","보존된 보철·장치·예방 관련 코드","Z00-Z99","456","supplemental-dental-related","상세불명의 예방적 조치","","","","","983","983","Z29.9	상세불명의 예방적 조치"
"Z46","","보존된 보철·장치·예방 관련 코드","Z00-Z99","457","supplemental-dental-related","기타 장치의 부착 및 조정","","인공삽입 및 기타 장치의 존재 (Z95-Z97)단지 반복적인 처방전만 발급(Z76.0)장치의 기능이상 또는 기타 합병증 - 색인표 참조","","Z97","985","986","Z46	기타 장치의 부착 및 조정 || 제외 : 인공삽입 및 기타 장치의 존재 (Z95-Z97)단지 반복적인 처방전만 발급(Z76.0)장치의 기능이상 또는 기타 합병증 - 색인표 참조"
"Z46.0","Z46","보존된 보철·장치·예방 관련 코드","Z00-Z99","458","supplemental-dental-related","안경 및 콘택트렌즈의 부착 및 조정","","","","","987","987","Z46.0	안경 및 콘택트렌즈의 부착 및 조정"
"Z46.1","Z46","보존된 보철·장치·예방 관련 코드","Z00-Z99","459","supplemental-dental-related","보청장치의 부착 및 조정","","","","","988","988","Z46.1	보청장치의 부착 및 조정"
"Z46.2","Z46","보존된 보철·장치·예방 관련 코드","Z00-Z99","460","supplemental-dental-related","신경계통 및 특수감각에 관련된 기타 장치의 부착 및 조정","","","","","989","989","Z46.2	신경계통 및 특수감각에 관련된 기타 장치의 부착 및 조정"
"Z46.3","Z46","보존된 보철·장치·예방 관련 코드","Z00-Z99","461","supplemental-dental-related","치과보철 장치의 부착 및 조정","","","","","990","990","Z46.3	치과보철 장치의 부착 및 조정"
"Z46.4","Z46","보존된 보철·장치·예방 관련 코드","Z00-Z99","462","supplemental-dental-related","치열교정 장치의 부착 및 조정","","","","","991","991","Z46.4	치열교정 장치의 부착 및 조정"
"Z46.5","Z46","보존된 보철·장치·예방 관련 코드","Z00-Z99","463","supplemental-dental-related","회장조루술 및 기타 장 장치의 부착 및 조정","","","","","992","992","Z46.5	회장조루술 및 기타 장 장치의 부착 및 조정"
"Z46.6","Z46","보존된 보철·장치·예방 관련 코드","Z00-Z99","464","supplemental-dental-related","요로계 장치의 부착 및 조정","","","","","993","993","Z46.6	요로계 장치의 부착 및 조정"
"Z46.7","Z46","보존된 보철·장치·예방 관련 코드","Z00-Z99","465","supplemental-dental-related","정형외과적 장치의 부착 및 조정","","","정형외과적 :	보조구 | 석고붕대 | 코르셋 | 구두","","994","998","Z46.7	정형외과적 장치의 부착 및 조정 || 정형외과적 :	보조구 || 석고붕대 || 코르셋 || 구두"
"Z46.8","Z46","보존된 보철·장치·예방 관련 코드","Z00-Z99","466","supplemental-dental-related","기타 명시된 장치의 부착 및 조정","","","휠췌어","","999","1000","Z46.8	기타 명시된 장치의 부착 및 조정 || 휠췌어"
"Z46.9","Z46","보존된 보철·장치·예방 관련 코드","Z00-Z99","467","supplemental-dental-related","상세불명의 장치의 부착 및 조정","","","","","1001","1001","Z46.9	상세불명의 장치의 부착 및 조정"
"Z96","","보존된 보철·장치·예방 관련 코드","Z00-Z99","468","supplemental-dental-related","기타 기능성 삽입물의 존재","","내부 인공삽입장치, 삽입물 및 이식편의 합병증(T82-T85)","인공삽입물 및 기타 장치의 부착 및 조정(Z44-Z46)","T85 | Z46","1003","1005","Z96	기타 기능성 삽입물의 존재 || 제외 : 내부 인공삽입장치, 삽입물 및 이식편의 합병증(T82-T85) || 인공삽입물 및 기타 장치의 부착 및 조정(Z44-Z46)"
"Z96.5","Z96","보존된 보철·장치·예방 관련 코드","Z00-Z99","469","supplemental-dental-related","치근 및 하악골 삽입물의 존재","","","","","1006","1006","Z96.5	치근 및 하악골 삽입물의 존재"
"Z96.9","Z96","보존된 보철·장치·예방 관련 코드","Z00-Z99","470","supplemental-dental-related","상세불명의 기능적 삽입물의 존재","","","","","1007","1007","Z96.9	상세불명의 기능적 삽입물의 존재"
"Z97","","보존된 보철·장치·예방 관련 코드","Z00-Z99","471","supplemental-dental-related","기타 장치의 존재","","내부 보철장치, 삽입물 및 이식편의 합병증 (T82-T85)보찰물 및 기타 장치의 부착 및 조정(Z44-Z46)뇌척수액배출장치의 존재(Z98.2)","","T85 | Z46","1009","1010","Z97	기타 장치의 존재 || 제외 : 내부 보철장치, 삽입물 및 이식편의 합병증 (T82-T85)보찰물 및 기타 장치의 부착 및 조정(Z44-Z46)뇌척수액배출장치의 존재(Z98.2)"
"Z97.2","Z97","보존된 보철·장치·예방 관련 코드","Z00-Z99","472","supplemental-dental-related","치아보철장치(전부, 일부)의 존재","","","","","1011","1011","Z97.2	치아보철장치(전부, 일부)의 존재"
"Z97.8","Z97","보존된 보철·장치·예방 관련 코드","Z00-Z99","473","supplemental-dental-related","기타 명시된 장치의 존재","","","","","1012","1012","Z97.8	기타 명시된 장치의 존재"
